[2026-09-19 16:05:29.8913318] Console created
[2026-09-19 16:05:29.9066289] UE4SS - v3.0.1 Beta #0 - Git SHA #2bfa839f
[2026-09-19 16:05:29.9068917] Timezone: Europe/Paris
[2026-09-19 16:05:29.9071223] UE4SS Build Configuration: Game__Shipping__Win64 (MSVC)
[2026-09-19 16:05:29.9106882] Setting up mods...
[2026-09-19 16:05:29.9111145] Loading mods from: D:\Games\Gas Station Simulator\GSS2\Binaries\Win64\ue4ss\Mods
[2026-09-19 16:05:29.9149395] Starting mods (from mods.txt (D:\Games\Gas Station Simulator\GSS2\Binaries\Win64\ue4ss\Mods\mods.txt) load order)...
[2026-09-19 16:05:29.9154847] Starting C++ mod 'KismetDebuggerMod'
[2026-09-19 16:05:29.9156481] Starting C++ mod 'EventViewerMod'
[2026-09-19 16:05:29.9159074] Starting mods (from enabled.txt (D:\Games\Gas Station Simulator\GSS2\Binaries\Win64\ue4ss\Mods), no defined load order)...
[2026-09-19 16:05:29.9164266] No specific game configuration found, using default configuration file
[2026-09-19 16:05:29.9165635] Config: D:\Games\Gas Station Simulator\GSS2\Binaries\Win64\ue4ss\UE4SS-settings.ini

[2026-09-19 16:05:29.9166858] root directory: D:\Games\Gas Station Simulator\GSS2\Binaries\Win64\ue4ss
[2026-09-19 16:05:29.9167898] working directory: D:\Games\Gas Station Simulator\GSS2\Binaries\Win64\ue4ss
[2026-09-19 16:05:29.9169070] game executable directory: D:\Games\Gas Station Simulator\GSS2\Binaries\Win64
[2026-09-19 16:05:29.9170609] game executable: D:\Games\Gas Station Simulator\GSS2\Binaries\Win64\GSS2-Win64-Shipping.exe (95933440 bytes)


[2026-09-19 16:05:29.9171890] mods directories: 
[2026-09-19 16:05:29.9173047] [0] D:\Games\Gas Station Simulator\GSS2\Binaries\Win64\ue4ss\Mods
[2026-09-19 16:05:29.9174242] 
[2026-09-19 16:05:29.9175695] log directory: D:\Games\Gas Station Simulator\GSS2\Binaries\Win64\ue4ss
[2026-09-19 16:05:29.9192107] object dumper directory: D:\Games\Gas Station Simulator\GSS2\Binaries\Win64\ue4ss


[2026-09-19 16:05:29.9251887] PS Scan attempt 1 (Phase 2)
[2026-09-19 16:05:29.9258197] [PS] Reading image
[2026-09-19 16:05:29.9263425] [PS] Starting scan
[2026-09-19 16:05:30.1782794] [PS] Scan finished in 251.7408ms
[2026-09-19 16:05:30.1785053] [PS] Found EngineVersion: 4.27
[2026-09-19 16:05:30.1791513] [PS] Found BuildConfiguration: Shipping
[2026-09-19 16:05:30.1793201] [PS] Found Stats: Off
[2026-09-19 16:05:30.1794637] [PS] Found GUObjectArray: 0x7ff77a46ff40
[2026-09-19 16:05:30.1795835] [PS] Found GMalloc: 0x7ff77a40b2e0
[2026-09-19 16:05:30.1797673] [PS] Found FName::ToString: 0x7ff7765827b0
[2026-09-19 16:05:30.1798840] [PS] Found FName::FName(wchar_t*): 0x7ff776573420
[2026-09-19 16:05:30.1800098] [PS] Found StaticConstructObject_Internal: 0x7ff776775870
[2026-09-19 16:05:30.1801691] [PS] Found FUObjectHashTables::Get(): 0x7ff776784f60
[2026-09-19 16:05:30.1803517] [PS] Found GNatives: 0x7ff77a46f300
[2026-09-19 16:05:30.1804608] [PS] Failed to find ConsoleManagerSingleton: ConsoleManagerSingleton: found 2 unique values [7FF77644E160, 7FF777514A60]
[2026-09-19 16:05:30.1806099] [PS] You can supply your own AOB in 'UE4SS_Signatures/ConsoleManager.lua'
[2026-09-19 16:05:30.1807396] [PS] Found GameEngineTick: 0x7ff777e56630
[2026-09-19 16:05:30.1808942] PS scan successful
[2026-09-19 16:05:30.1810409] Build configuration: shipping, detected
[2026-09-19 16:05:30.1811499] Stats: off, detected
[2026-09-19 16:05:30.1826329] Running second pass of Lua override scans
[2026-09-19 16:05:30.1827913] Lua Scan attempt 1 (Phase 2)
[2026-09-19 16:05:30.1829762] Verifying FName constructor...
[2026-09-19 16:05:30.1835736] [UE4SS.FNameConstructor.FNameConstructorVerificationHook] Added posthook with Id '0X8000200000000001'!
[2026-09-19 16:05:30.1839635] [UE4SS.EngineTick.FNameConstructorUnhooker] Added prehook with Id '0X6020000000000001'!
[2026-09-19 16:05:30.1842172] FName constructor verified at 0x00007FF776573420
[2026-09-19 16:05:30.1844320] Using engine version: 4.27
[2026-09-19 16:05:30.1845730] Waiting for object construction...
[2026-09-19 16:05:31.7445241] Locating KismetStringLibrary...
[2026-09-19 16:05:31.7451485] Locating KismetStringLibrary:Conv_NameToString...
[2026-09-19 16:05:31.7978632] Locating KismetStringLibrary CDO...
[2026-09-19 16:05:31.8488758] Already constructed: ["/Script/CoreUObject", "Class"]
[2026-09-19 16:05:31.8496144] Already constructed: ["/Script/CoreUObject"]
[2026-09-19 16:05:31.8506626] Already constructed: ["/Script/CoreUObject", "Struct"]
[2026-09-19 16:05:31.8510700] Already constructed: ["/Script/Engine", "Pawn"]
[2026-09-19 16:05:31.8513868] Already constructed: ["/Script/Engine", "Character"]
[2026-09-19 16:05:31.8516178] Already constructed: ["/Script/Engine", "Actor"]
[2026-09-19 16:05:31.8533695] Already constructed: ["/Script/Engine", "Default__DefaultPawn"]
[2026-09-19 16:05:31.8549414] Already constructed: ["/Script/Engine", "Default__MaterialExpression"]
[2026-09-19 16:05:31.8552402] Already constructed: ["/Script/Engine", "ActorComponent"]
[2026-09-19 16:05:31.8556521] Already constructed: ["/Script/Engine", "MovementComponent"]
[2026-09-19 16:05:31.8560369] Already constructed: ["/Script/Engine", "HUD"]
[2026-09-19 16:05:31.8563328] Already constructed: ["/Script/Engine", "PlayerController"]
[2026-09-19 16:05:31.8567538] Already constructed: ["/Script/Engine", "PlayerCameraManager"]
[2026-09-19 16:05:31.8571837] Already constructed: ["/Script/CoreUObject", "Vector"]
[2026-09-19 16:05:31.8576053] Already constructed: ["/Script/Engine", "HitResult"]
[2026-09-19 16:05:31.8580572] Already constructed: ["/Script/CoreUObject", "OrientedBox"]
[2026-09-19 16:05:31.8584793] Already constructed: ["/Script/CoreUObject", "EInterpCurveMode"]
[2026-09-19 16:05:31.8590502] Already constructed: ["/Script/Engine", "ENetRole"]
[2026-09-19 16:05:31.8597140] Already constructed: ["/Script/MovieScene", "MovieSceneEditorData"]
[2026-09-19 16:05:31.8600093] Already constructed: ["/Script/UMG", "Widget"]
[2026-09-19 16:05:31.8604702] Already constructed: ["/Script/UMG", "ComboBoxString"]
[2026-09-19 16:05:31.8607519] Already constructed: ["/Script/CoreUObject", "Interface"]
[2026-09-19 16:05:31.8612038] Already constructed: ["/Script/CoreUObject", "DynamicClass"]
[2026-09-19 16:05:32.0029181] GameEngine::LoadMap address 0x7ff77828d320
[2026-09-19 16:05:32.0032517] GameEngine::Tick address (vtable: 0x7ff6f7ee0000; scan: 0x7ff777e56630)
[2026-09-19 16:05:32.0037740] WARNING: VTable and scan addresses differ for UGameEngine::Tick. Potentially customized vtables.
[2026-09-19 16:05:32.0039401] GameEngine: 0x1c47af4e020 GameEngine /Script/Engine.Default__GameEngine
[2026-09-19 16:05:32.0042672] VTable entries:
[2026-09-19 16:05:32.0044165] -8: 0x7ff778298030
[2026-09-19 16:05:32.0045951] -7: 0x7ff778298040
[2026-09-19 16:05:32.0049718] -6: 0x7ff776094d20
[2026-09-19 16:05:32.0052444] -5: 0x7ff778286700
[2026-09-19 16:05:32.0055745] -4: 0x7ff777e54bb0
[2026-09-19 16:05:32.0058036] -3: 0x7ff777e563b0
[2026-09-19 16:05:32.0062165] -2: 0x7ff777e55c70
[2026-09-19 16:05:32.0065028] -1: 0x7ff778290870
[2026-09-19 16:05:32.0067921] S0: 0x7ff6f7ee0000
[2026-09-19 16:05:32.0071311] +1: 0x7ff778297460
[2026-09-19 16:05:32.0074321] +2: 0x7ff778283d00
[2026-09-19 16:05:32.0077537] +3: 0x7ff777e54a10
[2026-09-19 16:05:32.0081285] +4: 0x7ff778286c70
[2026-09-19 16:05:32.0084525] +5: 0x7ff7782941d0
[2026-09-19 16:05:32.0087981] +6: 0x7ff7782973e0
[2026-09-19 16:05:32.0090704] +7: 0x7ff77828cf70
[2026-09-19 16:05:32.0093043] +8: 0x7ff77828f8a0
[2026-09-19 16:05:32.0095625] Using scan address for GameEngine::Tick
[2026-09-19 16:05:32.0101108] [UE4SS.EngineTick.GameThreadInitializer] Added prehook with Id '0X6020000000000002'!
[2026-09-19 16:05:32.0103991] GameModeBase::InitGameState address 0x7ff777e689b0
[2026-09-19 16:05:32.0106393] AActor::BeginPlay address 0x7ff777becec0
[2026-09-19 16:05:32.0109095] AActor::EndPlay address 0x7ff777bf0ca0
[2026-09-19 16:05:32.0111548] AActor::Tick address 0x7ff777bfe920
[2026-09-19 16:05:32.0113304] GameViewportClient::Tick address 0x7ff777e91620
[2026-09-19 16:05:32.0115265] ProcessEvent address 0x7ff77676e630
[2026-09-19 16:05:32.0117797] ProcessConsoleExec address 0x7ff775571c70
[2026-09-19 16:05:32.0119513] UStruct::Link address 0x7ff776609f10
[2026-09-19 16:05:32.0121316] Constructed 0 of 0 objects
[2026-09-19 16:05:32.1334529] FText size detected as 0x18 bytes.
[2026-09-19 16:05:32.1370026] FSoftObjectPath layout: size 0x18, SubPathString at 0x8, FName shape, from reflection
[2026-09-19 16:05:32.1374675] ProcessInternal address: 0x7ff77676e9e0
[2026-09-19 16:05:32.1377559] ProcessLocalScriptFunction address: 0x7ff77676eaf0
[2026-09-19 16:05:32.1379076] UnrealConfig.FExecVTableOffsetInLocalPlayer: 28
[2026-09-19 16:05:32.1381265] Post-initialization: GMalloc: 0x7ff77a40b2e0 -> 0x1c41caeee80
[2026-09-19 16:05:32.1436844] Adding GUObjectArray listeners
[2026-09-19 16:05:32.1438938] Starting callback garbage collector![2026-09-19 16:05:32.1445082] [UE4SS.StaticConstructObject.ObjectSearcherPoolHook] Added posthook with Id '0X9000000000000001'!
[2026-09-19 16:05:32.1446948] FAssetData Size: 0x60
[2026-09-19 16:05:32.1449152] FVector Size: 0xC
[2026-09-19 16:05:32.1451934] FQuat Size: 0x10
[2026-09-19 16:05:32.1454499] FFieldVariant Size: 0x10
[2026-09-19 16:05:32.1456752] FText Size: 0x18
[2026-09-19 16:05:32.1458200] FName Size: 0x8
[2026-09-19 16:05:32.1459586] FName Alignment: 0x4
[2026-09-19 16:05:32.1461568] 
##### MEMBER OFFSETS START (Coalesced) #####

[2026-09-19 16:05:32.1463055] UObjectBase::NamePrivate = 0x18
[2026-09-19 16:05:32.1465568] UObjectBase::ObjectFlags = 0x8
[2026-09-19 16:05:32.1468742] UObjectBase::ClassPrivate = 0x10
[2026-09-19 16:05:32.1470716] UObjectBase::InternalIndex_Private = 0xC
[2026-09-19 16:05:32.1472613] UObjectBase::OuterPrivate = 0x20
[2026-09-19 16:05:32.1475582] UObjectBase::UEP_TotalSize = 0x28
[2026-09-19 16:05:32.1476931] UScriptStruct::ICppStructOps::Size = 0x8
[2026-09-19 16:05:32.1478894] UScriptStruct::ICppStructOps::Alignment = 0xC
[2026-09-19 16:05:32.1481667] UScriptStruct::ICppStructOps::UEP_TotalSize = 0x10
[2026-09-19 16:05:32.1484667] UStruct::SuperStruct = 0x40
[2026-09-19 16:05:32.1487101] UStruct::ChildProperties = 0x50
[2026-09-19 16:05:32.1489385] UStruct::Children = 0x48
[2026-09-19 16:05:32.1491216] UStruct::PropertiesSize = 0x58
[2026-09-19 16:05:32.1493710] UStruct::UnresolvedScriptProperties = 0xA0
[2026-09-19 16:05:32.1497029] UStruct::MinAlignment = 0x5C
[2026-09-19 16:05:32.1498608] UStruct::PropertyLink = 0x70
[2026-09-19 16:05:32.1501311] UStruct::Script = 0x60
[2026-09-19 16:05:32.1502652] UStruct::RefLink = 0x78
[2026-09-19 16:05:32.1504774] UStruct::DestructorLink = 0x80
[2026-09-19 16:05:32.1507413] UStruct::PostConstructLink = 0x88
[2026-09-19 16:05:32.1508756] UStruct::ScriptAndPropertyObjectReferences = 0x90
[2026-09-19 16:05:32.1510532] UStruct::UEP_TotalSize = 0xB0
[2026-09-19 16:05:32.1513459] UScriptStruct::UEP_TotalSize = 0xC0
[2026-09-19 16:05:32.1532658] UScriptStruct::CppStructOps = 0xB8
[2026-09-19 16:05:32.1534807] UScriptStruct::StructFlags = 0xB0
[2026-09-19 16:05:32.1537186] UScriptStruct::bPrepareCppStructOpsCompleted = 0xB4
[2026-09-19 16:05:32.1538769] UClass::ClassAddReferencedObjects = 0xC0
[2026-09-19 16:05:32.1540584] UClass::ClassConstructor = 0xB0
[2026-09-19 16:05:32.1541958] UClass::ClassVTableHelperCtorCaller = 0xB8
[2026-09-19 16:05:32.1543449] UClass::ClassUnique = 0xC8
[2026-09-19 16:05:32.1546319] UClass::ClassWithin = 0xD8
[2026-09-19 16:05:32.1548146] UClass::ClassConfigName = 0xE8
[2026-09-19 16:05:32.1550153] UClass::bCooked = 0xC8
[2026-09-19 16:05:32.1552262] UClass::ClassFlags = 0xCC
[2026-09-19 16:05:32.1554757] UClass::ClassCastFlags = 0xD0
[2026-09-19 16:05:32.1557852] UClass::ClassGeneratedBy = 0xE0
[2026-09-19 16:05:32.1560477] UClass::NetFields = 0x100
[2026-09-19 16:05:32.1565377] UClass::ReferenceTokenStream = 0x1E8
[2026-09-19 16:05:32.1566976] UClass::FirstOwnedClassRep = 0x110
[2026-09-19 16:05:32.1569140] UClass::ClassDefaultObject = 0x118
[2026-09-19 16:05:32.1570529] UClass::SparseClassData = 0x120
[2026-09-19 16:05:32.1571923] UClass::SparseClassDataStruct = 0x128
[2026-09-19 16:05:32.1574092] UClass::FuncMap = 0x130
[2026-09-19 16:05:32.1576429] UClass::SuperFuncMap = 0x180
[2026-09-19 16:05:32.1578602] UClass::Interfaces = 0x1D8
[2026-09-19 16:05:32.1580420] UClass::NativeFunctionLookupTable = 0x220
[2026-09-19 16:05:32.1581768] UClass::UEP_TotalSize = 0x230
[2026-09-19 16:05:32.1583202] UEnum::CppType = 0x30
[2026-09-19 16:05:32.1586248] UEnum::EnumFlags_Internal = 0x54
[2026-09-19 16:05:32.1588172] UEnum::Names = 0x40
[2026-09-19 16:05:32.1590881] UEnum::CppForm = 0x50
[2026-09-19 16:05:32.1594116] UEnum::EnumDisplayNameFn = 0x58
[2026-09-19 16:05:32.1596127] UEnum::UEP_TotalSize = 0x60
[2026-09-19 16:05:32.1598069] UFunction::FunctionFlags = 0xB0
[2026-09-19 16:05:32.1600562] UFunction::NumParms = 0xB4
[2026-09-19 16:05:32.1602410] UFunction::ParmsSize = 0xB6
[2026-09-19 16:05:32.1604338] UFunction::FirstPropertyToInit = 0xC0
[2026-09-19 16:05:32.1606694] UFunction::RPCId = 0xBA
[2026-09-19 16:05:32.1609388] UFunction::ReturnValueOffset = 0xB8
[2026-09-19 16:05:32.1611219] UFunction::RPCResponseId = 0xBC
[2026-09-19 16:05:32.1613127] UFunction::EventGraphFunction = 0xC8
[2026-09-19 16:05:32.1614876] UFunction::EventGraphCallOffset = 0xD0
[2026-09-19 16:05:32.1617856] UFunction::Func = 0xD8
[2026-09-19 16:05:32.1620469] UFunction::UEP_TotalSize = 0xE0
[2026-09-19 16:05:32.1622140] UField::Next = 0x28
[2026-09-19 16:05:32.1624190] UField::UEP_TotalSize = 0x30
[2026-09-19 16:05:32.1626711] FField::ClassPrivate = 0x8
[2026-09-19 16:05:32.1628608] FField::Owner = 0x10
[2026-09-19 16:05:32.1630125] FField::Next = 0x20
[2026-09-19 16:05:32.1632423] FField::FlagsPrivate = 0x30
[2026-09-19 16:05:32.1634639] FField::NamePrivate = 0x28
[2026-09-19 16:05:32.1637123] FField::UEP_TotalSize = 0x38
[2026-09-19 16:05:32.1639549] FProperty::RepIndex = 0x48
[2026-09-19 16:05:32.1642043] FProperty::ArrayDim = 0x38
[2026-09-19 16:05:32.1643390] FProperty::ElementSize = 0x3C
[2026-09-19 16:05:32.1645158] FProperty::PropertyLinkNext = 0x58
[2026-09-19 16:05:32.1647402] FProperty::PropertyFlags = 0x40
[2026-09-19 16:05:32.1648736] FProperty::Offset_Internal = 0x4C
[2026-09-19 16:05:32.1650551] FProperty::RepNotifyFunc = 0x50
[2026-09-19 16:05:32.1652422] FProperty::NextRef = 0x60
[2026-09-19 16:05:32.1653885] FProperty::DestructorLinkNext = 0x68
[2026-09-19 16:05:32.1656908] FProperty::PostConstructLinkNext = 0x70
[2026-09-19 16:05:32.1658817] FProperty::UEP_TotalSize = 0x78
[2026-09-19 16:05:32.1660229] FNumericProperty::RepIndex = 0x48
[2026-09-19 16:05:32.1662506] FNumericProperty::ArrayDim = 0x38
[2026-09-19 16:05:32.1664797] FNumericProperty::ElementSize = 0x3C
[2026-09-19 16:05:32.1688080] FNumericProperty::PropertyLinkNext = 0x58
[2026-09-19 16:05:32.1690878] FNumericProperty::PropertyFlags = 0x40
[2026-09-19 16:05:32.1692772] FNumericProperty::Offset_Internal = 0x4C
[2026-09-19 16:05:32.1697745] FNumericProperty::RepNotifyFunc = 0x50
[2026-09-19 16:05:32.1699864] FNumericProperty::NextRef = 0x60
[2026-09-19 16:05:32.1702264] FNumericProperty::DestructorLinkNext = 0x68
[2026-09-19 16:05:32.1703700] FNumericProperty::PostConstructLinkNext = 0x70
[2026-09-19 16:05:32.1705187] FNumericProperty::UEP_TotalSize = 0x78
[2026-09-19 16:05:32.1707367] FObjectPropertyBase::PropertyClass = 0x78
[2026-09-19 16:05:32.1709479] FObjectPropertyBase::UEP_TotalSize = 0x80
[2026-09-19 16:05:32.1711420] FStructProperty::Struct = 0x78
[2026-09-19 16:05:32.1713628] FStructProperty::UEP_TotalSize = 0x80
[2026-09-19 16:05:32.1715485] FArrayProperty::ArrayFlags = 0x80
[2026-09-19 16:05:32.1716936] FArrayProperty::Inner = 0x78
[2026-09-19 16:05:32.1718821] FArrayProperty::UEP_TotalSize = 0x88
[2026-09-19 16:05:32.1721376] FMapProperty::KeyProp = 0x78
[2026-09-19 16:05:32.1723141] FMapProperty::MapLayout = 0x88
[2026-09-19 16:05:32.1725921] FMapProperty::ValueProp = 0x80
[2026-09-19 16:05:32.1728274] FMapProperty::MapFlags = 0xA0
[2026-09-19 16:05:32.1731647] FMapProperty::UEP_TotalSize = 0xA8
[2026-09-19 16:05:32.1733469] FSetProperty::ElementProp = 0x78
[2026-09-19 16:05:32.1735341] FSetProperty::UEP_TotalSize = 0x98
[2026-09-19 16:05:32.1738362] FSetProperty::SetLayout = 0x80
[2026-09-19 16:05:32.1739699] FBoolProperty::ByteOffset = 0x79
[2026-09-19 16:05:32.1741906] FBoolProperty::FieldSize = 0x78
[2026-09-19 16:05:32.1744367] FBoolProperty::FieldMask = 0x7B
[2026-09-19 16:05:32.1745862] FBoolProperty::ByteMask = 0x7A
[2026-09-19 16:05:32.1747676] FBoolProperty::UEP_TotalSize = 0x80
[2026-09-19 16:05:32.1749827] FByteProperty::Enum = 0x78
[2026-09-19 16:05:32.1752316] FByteProperty::UEP_TotalSize = 0x80
[2026-09-19 16:05:32.1753809] FEnumProperty::UEP_TotalSize = 0x88
[2026-09-19 16:05:32.1755785] FEnumProperty::UnderlyingProp = 0x78
[2026-09-19 16:05:32.1757321] FEnumProperty::Enum = 0x80
[2026-09-19 16:05:32.1758993] FClassProperty::MetaClass = 0x80
[2026-09-19 16:05:32.1761781] FClassProperty::UEP_TotalSize = 0x88
[2026-09-19 16:05:32.1764273] FSoftClassProperty::MetaClass = 0x80
[2026-09-19 16:05:32.1766085] FSoftClassProperty::UEP_TotalSize = 0x88
[2026-09-19 16:05:32.1768569] FDelegateProperty::SignatureFunction = 0x78
[2026-09-19 16:05:32.1770746] FDelegateProperty::UEP_TotalSize = 0x80
[2026-09-19 16:05:32.1773014] FMulticastDelegateProperty::SignatureFunction = 0x78
[2026-09-19 16:05:32.1775375] FMulticastDelegateProperty::UEP_TotalSize = 0x80
[2026-09-19 16:05:32.1778024] FInterfaceProperty::InterfaceClass = 0x78
[2026-09-19 16:05:32.1779832] FInterfaceProperty::UEP_TotalSize = 0x80
[2026-09-19 16:05:32.1781481] FFieldPathProperty::PropertyClass = 0x78
[2026-09-19 16:05:32.1783802] FFieldPathProperty::UEP_TotalSize = 0x80
[2026-09-19 16:05:32.1785535] FWorldContext::ThisCurrentWorld = 0x280
[2026-09-19 16:05:32.1787363] FWorldContext::ExternalReferences = 0x270
[2026-09-19 16:05:32.1789978] FWorldContext::LastRemoteURL = 0x138
[2026-09-19 16:05:32.1791417] FWorldContext::ContextHandle = 0xB0
[2026-09-19 16:05:32.1793688] FWorldContext::PendingMapChangeFailureDescription = 0x1D8
[2026-09-19 16:05:32.1796448] FWorldContext::TravelURL = 0xB8
[2026-09-19 16:05:32.1798089] FWorldContext::TravelType = 0xC8
[2026-09-19 16:05:32.1799583] FWorldContext::LastURL = 0xD0
[2026-09-19 16:05:32.1801878] FWorldContext::LevelsToLoadForPendingMapChange = 0x1B8
[2026-09-19 16:05:32.1803763] FWorldContext::bShouldCommitPendingMapChange = 0x1E8
[2026-09-19 16:05:32.1805501] FWorldContext::GameViewport = 0x210
[2026-09-19 16:05:32.1807106] FWorldContext::PIEInstance = 0x230
[2026-09-19 16:05:32.1809118] FWorldContext::PIEFixedTickSeconds = 0x268
[2026-09-19 16:05:32.1811001] FWorldContext::PIEPrefix = 0x238
[2026-09-19 16:05:32.1813634] FWorldContext::RunAsDedicated = 0x24C
[2026-09-19 16:05:32.1815427] FWorldContext::bWaitingOnOnlineSubsystem = 0x24D
[2026-09-19 16:05:32.1817720] FWorldContext::AudioDeviceID = 0x250
[2026-09-19 16:05:32.1820447] FWorldContext::CustomDescription = 0x258
[2026-09-19 16:05:32.1842119] FWorldContext::PIEAccumulatedTickSeconds = 0x26C
[2026-09-19 16:05:32.1843925] FWorldContext::UEP_TotalSize = 0x288
[2026-09-19 16:05:32.1846368] FOutputDevice::bSuppressEventTag = 0x8
[2026-09-19 16:05:32.1848946] FOutputDevice::bAutoEmitLineTerminator = 0x9
[2026-09-19 16:05:32.1851722] FOutputDevice::UEP_TotalSize = 0x10
[2026-09-19 16:05:32.1853192] FArchiveState::ArIsTextFormat = 0x28
[2026-09-19 16:05:32.1855204] FArchiveState::ArIsLoading = 0x28
[2026-09-19 16:05:32.1857709] FArchiveState::ArPortFlags = 0x30
[2026-09-19 16:05:32.1859593] FArchiveState::ArIsTransacting = 0x28
[2026-09-19 16:05:32.1861669] FArchiveState::ArIsSaving = 0x28
[2026-09-19 16:05:32.1863145] FArchiveState::ArForceUnicode = 0x28
[2026-09-19 16:05:32.1865033] FArchiveState::ArIsModifyingWeakAndStrongReferences = 0x2A
[2026-09-19 16:05:32.1867212] FArchiveState::ArUseUnversionedPropertySerialization = 0x28
[2026-09-19 16:05:32.1868552] FArchiveState::ArWantBinaryPropertySerialization = 0x28
[2026-09-19 16:05:32.1870359] FArchiveState::ArIsObjectReferenceCollector = 0x2A
[2026-09-19 16:05:32.1872433] FArchiveState::ArIsPersistent = 0x28
[2026-09-19 16:05:32.1873878] FArchiveState::ArForceByteSwapping = 0x29
[2026-09-19 16:05:32.1875852] FArchiveState::ArIsError = 0x29
[2026-09-19 16:05:32.1877773] FArchiveState::ArIsCriticalError = 0x29
[2026-09-19 16:05:32.1879862] FArchiveState::ArCustomPropertyList = 0x68
[2026-09-19 16:05:32.1881823] FArchiveState::ArContainsCode = 0x29
[2026-09-19 16:05:32.1883939] FArchiveState::ArIsNetArchive = 0x2B
[2026-09-19 16:05:32.1885964] FArchiveState::ArContainsMap = 0x29
[2026-09-19 16:05:32.1888609] FArchiveState::ArRequiresLocalizationGather = 0x29
[2026-09-19 16:05:32.1890615] FArchiveState::ArIgnoreArchetypeRef = 0x29
[2026-09-19 16:05:32.1892664] FArchiveState::ArNoDelta = 0x29
[2026-09-19 16:05:32.1894258] FArchiveState::ArNoIntraPropertyDelta = 0x2A
[2026-09-19 16:05:32.1896465] FArchiveState::ArIgnoreOuterRef = 0x2A
[2026-09-19 16:05:32.1898178] FArchiveState::ArIgnoreClassGeneratedByRef = 0x2A
[2026-09-19 16:05:32.1900206] FArchiveState::ArIgnoreClassRef = 0x2A
[2026-09-19 16:05:32.1902618] FArchiveState::ArAllowLazyLoading = 0x2A
[2026-09-19 16:05:32.1904858] FArchiveState::NextProxy = 0x90
[2026-09-19 16:05:32.1906606] FArchiveState::ArIsCountingMemory = 0x2A
[2026-09-19 16:05:32.1908669] FArchiveState::bCustomVersionsAreReset = 0x88
[2026-09-19 16:05:32.1910780] FArchiveState::ArEngineNetVer = 0x54
[2026-09-19 16:05:32.1913242] FArchiveState::ArShouldSkipBulkData = 0x2B
[2026-09-19 16:05:32.1914877] FArchiveState::ArIsFilterEditorOnly = 0x2B
[2026-09-19 16:05:32.1916551] FArchiveState::ArIsSaveGame = 0x2B
[2026-09-19 16:05:32.1918088] FArchiveState::ArUseCustomPropertyList = 0x2B
[2026-09-19 16:05:32.1920584] FArchiveState::UEP_TotalSize = 0x98
[2026-09-19 16:05:32.1923114] FArchiveState::ArSerializingDefaults = 0x2C
[2026-09-19 16:05:32.1925283] FArchiveState::ArMaxSerializeSize = 0x38
[2026-09-19 16:05:32.1927027] FArchiveState::ArUE4Ver = 0x40
[2026-09-19 16:05:32.1929168] FArchiveState::ArLicenseeUE4Ver = 0x44
[2026-09-19 16:05:32.1931262] FArchiveState::ArEngineVer = 0x48
[2026-09-19 16:05:32.1933711] FArchiveState::ArGameNetVer = 0x58
[2026-09-19 16:05:32.1936005] FArchiveState::CustomVersionContainer = 0x60
[2026-09-19 16:05:32.1938229] FArchiveState::CookingTargetPlatform = 0x70
[2026-09-19 16:05:32.1939968] FArchiveState::SerializedProperty = 0x78
[2026-09-19 16:05:32.1942470] AActor::NetUpdateFrequency = 0x108
[2026-09-19 16:05:32.1944485] AActor::PrimaryActorTick = 0x28
[2026-09-19 16:05:32.1946893] AActor::bNetTemporary = 0x58
[2026-09-19 16:05:32.1949548] AActor::ActorHasBegunPlay = 0x5C
[2026-09-19 16:05:32.1951616] AActor::bIsEditorOnlyActor = 0x5A
[2026-09-19 16:05:32.1953846] AActor::bReplayRewindable = 0x59
[2026-09-19 16:05:32.1956788] AActor::bHidden = 0x58
[2026-09-19 16:05:32.1959897] AActor::bReplicateMovement = 0x58
[2026-09-19 16:05:32.1964931] AActor::bAlwaysRelevant = 0x58
[2026-09-19 16:05:32.1967287] AActor::bActorBeginningPlayFromLevelStreaming = 0x5B
[2026-09-19 16:05:32.1969287] AActor::bNetCheckedInitialPhysicsState = 0x5B
[2026-09-19 16:05:32.1971372] AActor::bActorIsBeingConstructed = 0x168
[2026-09-19 16:05:32.1973016] AActor::bNetStartup = 0x58
[2026-09-19 16:05:32.1974507] AActor::bTearOff = 0x58
[2026-09-19 16:05:32.1977055] AActor::bOnlyRelevantToOwner = 0x58
[2026-09-19 16:05:32.1978523] AActor::bForceNetAddressable = 0x58
[2026-09-19 16:05:32.2001338] AActor::InputPriority = 0xF4
[2026-09-19 16:05:32.2004348] AActor::bCanBeInCluster = 0x5B
[2026-09-19 16:05:32.2006321] AActor::bAllowTickBeforeBeginPlay = 0x59
[2026-09-19 16:05:32.2009481] AActor::bExchangedRoles = 0x59
[2026-09-19 16:05:32.2011675] AActor::Children = 0x120
[2026-09-19 16:05:32.2014073] AActor::bNetLoadOnClient = 0x59
[2026-09-19 16:05:32.2016649] AActor::AutoReceiveInput = 0xF3
[2026-09-19 16:05:32.2018397] AActor::bNetUseOwnerRelevancy = 0x59
[2026-09-19 16:05:32.2020844] AActor::Role = 0xF0
[2026-09-19 16:05:32.2022766] AActor::bGenerateOverlapEventsDuringLevelStreaming = 0x5A
[2026-09-19 16:05:32.2024638] AActor::bCollideWhenPlacing = 0x5A
[2026-09-19 16:05:32.2027088] AActor::bRelevantForNetworkReplays = 0x59
[2026-09-19 16:05:32.2029382] AActor::bActorInitialized = 0x5B
[2026-09-19 16:05:32.2031435] AActor::bEnableAutoLODGeneration = 0x5A
[2026-09-19 16:05:32.2033616] AActor::bRelevantForLevelBounds = 0x59
[2026-09-19 16:05:32.2035351] AActor::InputComponent = 0xF8
[2026-09-19 16:05:32.2037089] AActor::bHasFinishedSpawning = 0x5B
[2026-09-19 16:05:32.2039260] AActor::bAutoDestroyWhenFinished = 0x59
[2026-09-19 16:05:32.2040864] AActor::bCanBeDamaged = 0x5A
[2026-09-19 16:05:32.2042518] AActor::SpawnCollisionHandlingMethod = 0xF2
[2026-09-19 16:05:32.2045479] AActor::bIgnoresOriginShifting = 0x5A
[2026-09-19 16:05:32.2047337] AActor::bBlockInput = 0x5A
[2026-09-19 16:05:32.2049159] AActor::bFindCameraComponentWhenViewTarget = 0x5A
[2026-09-19 16:05:32.2051321] AActor::bActorSeamlessTraveled = 0x5B
[2026-09-19 16:05:32.2053409] AActor::bReplicates = 0x5B
[2026-09-19 16:05:32.2055065] AActor::bActorEnableCollision = 0x5C
[2026-09-19 16:05:32.2057929] AActor::bAllowReceiveTickEventOnDedicatedServer = 0x5B
[2026-09-19 16:05:32.2059451] AActor::bTickFunctionsRegistered = 0x5C
[2026-09-19 16:05:32.2060973] AActor::bHasDeferredComponentRegistration = 0x5C
[2026-09-19 16:05:32.2063662] AActor::AttachmentReplication = 0xA0
[2026-09-19 16:05:32.2066102] AActor::bRunningUserConstructionScript = 0x5C
[2026-09-19 16:05:32.2067676] AActor::bActorIsBeingDestroyed = 0x5C
[2026-09-19 16:05:32.2069709] AActor::bActorWantsDestroyDuringBeginPlay = 0x5C
[2026-09-19 16:05:32.2072319] AActor::UpdateOverlapsMethodDuringLevelStreaming = 0x5D
[2026-09-19 16:05:32.2074067] AActor::DefaultUpdateOverlapsMethodDuringLevelStreaming = 0x5E
[2026-09-19 16:05:32.2075846] AActor::RemoteRole = 0x5F
[2026-09-19 16:05:32.2078896] AActor::ReplicatedMovement = 0x60
[2026-09-19 16:05:32.2081545] AActor::InitialLifeSpan = 0x94
[2026-09-19 16:05:32.2083863] AActor::CustomTimeDilation = 0x98
[2026-09-19 16:05:32.2086273] AActor::CreationTime = 0x9C
[2026-09-19 16:05:32.2088877] AActor::Owner = 0xE0
[2026-09-19 16:05:32.2091474] AActor::NetDriverName = 0xE8
[2026-09-19 16:05:32.2093805] AActor::NetDormancy = 0xF1
[2026-09-19 16:05:32.2098636] AActor::NetCullDistanceSquared = 0x100
[2026-09-19 16:05:32.2101195] AActor::NetPriority = 0x110
[2026-09-19 16:05:32.2103012] AActor::NetTag = 0x104
[2026-09-19 16:05:32.2105392] AActor::MinNetUpdateFrequency = 0x10C
[2026-09-19 16:05:32.2107634] AActor::LastRenderTime = 0x114
[2026-09-19 16:05:32.2109285] AActor::RootComponent = 0x130
[2026-09-19 16:05:32.2111378] AActor::ControllingMatineeActors = 0x138
[2026-09-19 16:05:32.2113138] AActor::TimerHandle_LifeSpanExpired = 0x148
[2026-09-19 16:05:32.2114907] AActor::Layers = 0x150
[2026-09-19 16:05:32.2117041] AActor::ParentComponent = 0x160
[2026-09-19 16:05:32.2118594] AActor::Tags = 0x170
[2026-09-19 16:05:32.2120299] AActor::OnTakeAnyDamage = 0x180
[2026-09-19 16:05:32.2122941] AActor::OnTakePointDamage = 0x181
[2026-09-19 16:05:32.2124755] AActor::OnTakeRadialDamage = 0x182
[2026-09-19 16:05:32.2126146] AActor::OnActorBeginOverlap = 0x183
[2026-09-19 16:05:32.2128391] AActor::OnActorEndOverlap = 0x184
[2026-09-19 16:05:32.2134621] AActor::OnBeginCursorOver = 0x185
[2026-09-19 16:05:32.2153331] AActor::OnEndCursorOver = 0x186
[2026-09-19 16:05:32.2155509] AActor::OnClicked = 0x187
[2026-09-19 16:05:32.2157372] AActor::OnReleased = 0x188
[2026-09-19 16:05:32.2159702] AActor::OnInputTouchBegin = 0x189
[2026-09-19 16:05:32.2161310] AActor::OnInputTouchEnd = 0x18A
[2026-09-19 16:05:32.2163128] AActor::OnInputTouchEnter = 0x18B
[2026-09-19 16:05:32.2165373] AActor::OnInputTouchLeave = 0x18C
[2026-09-19 16:05:32.2167066] AActor::OnActorHit = 0x18D
[2026-09-19 16:05:32.2168804] AActor::OnDestroyed = 0x18E
[2026-09-19 16:05:32.2170757] AActor::OnEndPlay = 0x18F
[2026-09-19 16:05:32.2172630] AActor::DetachFence = 0x210
[2026-09-19 16:05:32.2174511] AActor::UEP_TotalSize = 0x220
[2026-09-19 16:05:32.2176908] AGameModeBase::OptionsString = 0x220
[2026-09-19 16:05:32.2179486] AGameModeBase::ServerStatReplicator = 0x288
[2026-09-19 16:05:32.2181300] AGameModeBase::GameSessionClass = 0x230
[2026-09-19 16:05:32.2183236] AGameModeBase::PlayerStateClass = 0x248
[2026-09-19 16:05:32.2185697] AGameModeBase::HUDClass = 0x250
[2026-09-19 16:05:32.2188621] AGameModeBase::SpectatorClass = 0x260
[2026-09-19 16:05:32.2190993] AGameModeBase::GameSession = 0x278
[2026-09-19 16:05:32.2193151] AGameModeBase::ServerStatReplicatorClass = 0x270
[2026-09-19 16:05:32.2195093] AGameModeBase::DefaultPlayerName = 0x290
[2026-09-19 16:05:32.2198059] AGameModeBase::bUseSeamlessTravel = 0x2A8
[2026-09-19 16:05:32.2200499] AGameModeBase::bStartPlayersAsSpectators = 0x2A8
[2026-09-19 16:05:32.2202136] AGameModeBase::bPauseable = 0x2A8
[2026-09-19 16:05:32.2204409] AGameModeBase::UEP_TotalSize = 0x2C0
[2026-09-19 16:05:32.2206706] AGameMode::NumBots = 0x2D4
[2026-09-19 16:05:32.2208762] AGameMode::MatchState = 0x2C0
[2026-09-19 16:05:32.2210225] AGameMode::NumSpectators = 0x2CC
[2026-09-19 16:05:32.2212380] AGameMode::NumPlayers = 0x2D0
[2026-09-19 16:05:32.2214373] AGameMode::bDelayedStart = 0x2C8
[2026-09-19 16:05:32.2216450] AGameMode::MinRespawnDelay = 0x2D8
[2026-09-19 16:05:32.2218751] AGameMode::EngineMessageClass = 0x2E0
[2026-09-19 16:05:32.2221259] AGameMode::NumTravellingPlayers = 0x2DC
[2026-09-19 16:05:32.2224054] AGameMode::InactivePlayerArray = 0x2E8
[2026-09-19 16:05:32.2231371] AGameMode::InactivePlayerStateLifeSpan = 0x2F8
[2026-09-19 16:05:32.2233071] AGameMode::MaxInactivePlayers = 0x2FC
[2026-09-19 16:05:32.2235611] AGameMode::bHandleDedicatedServerReplays = 0x300
[2026-09-19 16:05:32.2237935] AGameMode::UEP_TotalSize = 0x308
[2026-09-19 16:05:32.2240193] UEngine::NamePrivate = 0x18
[2026-09-19 16:05:32.2241971] UEngine::ObjectFlags = 0x8
[2026-09-19 16:05:32.2243697] UEngine::ClassPrivate = 0x10
[2026-09-19 16:05:32.2246378] UEngine::InternalIndex_Private = 0xC
[2026-09-19 16:05:32.2248341] UEngine::OuterPrivate = 0x20
[2026-09-19 16:05:32.2250040] UEngine::UEP_TotalSize = 0x28
[2026-09-19 16:05:32.2252564] UGameViewportClient::ViewportConsole = 0x40
[2026-09-19 16:05:32.2255008] UGameViewportClient::SplitscreenInfo = 0x58
[2026-09-19 16:05:32.2256946] UGameViewportClient::HardwareCursorCache = 0x140
[2026-09-19 16:05:32.2259405] UGameViewportClient::DebugProperties = 0x48
[2026-09-19 16:05:32.2261096] UGameViewportClient::World = 0x78
[2026-09-19 16:05:32.2262939] UGameViewportClient::ActiveSplitscreenType = 0x70
[2026-09-19 16:05:32.2265475] UGameViewportClient::ViewportOverlayWidget = 0x108
[2026-09-19 16:05:32.2267793] UGameViewportClient::bHasAudioFocus = 0xF4
[2026-09-19 16:05:32.2270157] UGameViewportClient::MaxSplitscreenPlayers = 0x68
[2026-09-19 16:05:32.2271853] UGameViewportClient::bDisableWorldRendering = 0x6C
[2026-09-19 16:05:32.2273919] UGameViewportClient::bIsPlayInEditorViewport = 0x6C
[2026-09-19 16:05:32.2275633] UGameViewportClient::bShowTitleSafeZone = 0x6C
[2026-09-19 16:05:32.2277529] UGameViewportClient::bSuppressTransitionMessage = 0x88
[2026-09-19 16:05:32.2279709] UGameViewportClient::ViewModeIndex = 0xB0
[2026-09-19 16:05:32.2281163] UGameViewportClient::EngineShowFlags = 0xB8
[2026-09-19 16:05:32.2283715] UGameViewportClient::Viewport = 0xE0
[2026-09-19 16:05:32.2286057] UGameViewportClient::MouseLockMode = 0x35C
[2026-09-19 16:05:32.2287804] UGameViewportClient::ViewportFrame = 0xE8
[2026-09-19 16:05:32.2290285] UGameViewportClient::AudioDeviceHandle = 0xF0
[2026-09-19 16:05:32.2309429] UGameViewportClient::bDisableSplitScreenOverride = 0x358
[2026-09-19 16:05:32.2312283] UGameViewportClient::Window = 0xF8
[2026-09-19 16:05:32.2313923] UGameViewportClient::GameLayerManagerPtr = 0x118
[2026-09-19 16:05:32.2316953] UGameViewportClient::UEP_TotalSize = 0x360
[2026-09-19 16:05:32.2318807] UGameViewportClient::CurrentBufferVisualizationMode = 0x128
[2026-09-19 16:05:32.2320863] UGameViewportClient::HighResScreenshotDialog = 0x130
[2026-09-19 16:05:32.2323402] UGameViewportClient::HardwareCursors = 0x190
[2026-09-19 16:05:32.2325636] UGameViewportClient::CursorWidgets = 0x1E0
[2026-09-19 16:05:32.2327447] UGameViewportClient::bUseSoftwareCursorWidgets = 0x230
[2026-09-19 16:05:32.2329526] UGameViewportClient::StatUnitData = 0x348
[2026-09-19 16:05:32.2331373] UGameViewportClient::StatHitchesData = 0x350
[2026-09-19 16:05:32.2333808] UGameViewportClient::bIgnoreInput = 0x359
[2026-09-19 16:05:32.2335703] UGameViewportClient::MouseCaptureMode = 0x35A
[2026-09-19 16:05:32.2337925] UGameViewportClient::bHideCursorDuringCapture = 0x35B
[2026-09-19 16:05:32.2340286] UGameViewportClient::bIsMouseOverClient = 0x35D
[2026-09-19 16:05:32.2341871] UPlayer::CurrentNetSpeed = 0x38
[2026-09-19 16:05:32.2343926] UPlayer::UEP_TotalSize = 0x48
[2026-09-19 16:05:32.2346025] UPlayer::ConfiguredLanSpeed = 0x40
[2026-09-19 16:05:32.2347722] UPlayer::ConfiguredInternetSpeed = 0x3C
[2026-09-19 16:05:32.2349416] ULocalPlayer::ControllerId = 0xB8
[2026-09-19 16:05:32.2351526] ULocalPlayer::CachedUniqueNetId = 0x48
[2026-09-19 16:05:32.2353210] ULocalPlayer::Size = 0x80
[2026-09-19 16:05:32.2355628] ULocalPlayer::ViewportClient = 0x70
[2026-09-19 16:05:32.2361368] ULocalPlayer::Origin = 0x78
[2026-09-19 16:05:32.2363345] ULocalPlayer::LastViewLocation = 0x88
[2026-09-19 16:05:32.2365072] ULocalPlayer::AspectRatioAxisConstraint = 0x94
[2026-09-19 16:05:32.2367207] ULocalPlayer::bSentSplitJoin = 0xA0
[2026-09-19 16:05:32.2369546] ULocalPlayer::SlateOperations = 0x1A0
[2026-09-19 16:05:32.2371311] ULocalPlayer::UEP_TotalSize = 0x258
[2026-09-19 16:05:32.2373168] UWorld::PerModuleDataObjects = 0x78
[2026-09-19 16:05:32.2375013] UWorld::ExtraReferencedObjects = 0x68
[2026-09-19 16:05:32.2377324] UWorld::bPlayersOnlyPending = 0x10D
[2026-09-19 16:05:32.2379068] UWorld::bWorldWasLoadedThisTick = 0x10B
[2026-09-19 16:05:32.2381008] UWorld::bAggressiveLOD = 0x10C
[2026-09-19 16:05:32.2383231] UWorld::StreamingLevelsPrefix = 0xC0
[2026-09-19 16:05:32.2384846] UWorld::ViewLocationsRenderedLastFrame = 0xF8
[2026-09-19 16:05:32.2386589] UWorld::UEP_TotalSize = 0x798
[2026-09-19 16:05:32.2388735] UWorld::CleanupWorldTag = 0x61C
[2026-09-19 16:05:32.2390905] UWorld::bInTick = 0x10B
[2026-09-19 16:05:32.2392923] UWorld::StreamingVolumeUpdateDelay = 0x55C
[2026-09-19 16:05:32.2395241] UWorld::bIsLevelStreamingFrozen = 0x10B
[2026-09-19 16:05:32.2396922] UWorld::bTriggerPostLoadMap = 0x10B
[2026-09-19 16:05:32.2398924] UWorld::TimeSeconds = 0x5A0
[2026-09-19 16:05:32.2401235] UWorld::bIsBuilt = 0x10B
[2026-09-19 16:05:32.2402969] UWorld::AuthorityGameMode = 0x118
[2026-09-19 16:05:32.2404712] UWorld::bTickNewlySpawned = 0x10B
[2026-09-19 16:05:32.2406979] UWorld::bPostTickComponentUpdate = 0x10B
[2026-09-19 16:05:32.2408951] UWorld::bShouldSimulatePhysics = 0x10C
[2026-09-19 16:05:32.2410559] UWorld::bIsWorldInitialized = 0x10B
[2026-09-19 16:05:32.2412630] UWorld::bDoDelayedUpdateCullDistanceVolumes = 0x10C
[2026-09-19 16:05:32.2414970] UWorld::bIsRunningConstructionScript = 0x10C
[2026-09-19 16:05:32.2416991] UWorld::bRequestedBlockOnAsyncLoading = 0x10C
[2026-09-19 16:05:32.2419143] UWorld::bDropDetail = 0x10C
[2026-09-19 16:05:32.2420699] UWorld::PlayerNum = 0x558
[2026-09-19 16:05:32.2422304] UWorld::bIsDefaultLevel = 0x10C
[2026-09-19 16:05:32.2424683] UWorld::bActorsInitialized = 0x10C
[2026-09-19 16:05:32.2426545] UWorld::bBegunPlay = 0x10D
[2026-09-19 16:05:32.2428313] UWorld::bIsCameraMoveableWhenPaused = 0x10E
[2026-09-19 16:05:32.2430479] UWorld::bMatchStarted = 0x10D
[2026-09-19 16:05:32.2432326] UWorld::DeltaTimeSeconds = 0x5B0
[2026-09-19 16:05:32.2434235] UWorld::bPlayersOnly = 0x10D
[2026-09-19 16:05:32.2436064] UWorld::bStartup = 0x10D
[2026-09-19 16:05:32.2438034] UWorld::bAreConstraintsDirty = 0x10E
[2026-09-19 16:05:32.2439583] UWorld::bIsTearingDown = 0x10D
[2026-09-19 16:05:32.2441683] UWorld::bKismetScriptError = 0x10D
[2026-09-19 16:05:32.2444186] UWorld::bDebugPauseExecution = 0x10D
[2026-09-19 16:05:32.2446305] UWorld::ActiveLevelCollectionIndex = 0x158
[2026-09-19 16:05:32.2448264] UWorld::bAllowAudioPlayback = 0x10E
[2026-09-19 16:05:32.2467025] UWorld::bRequiresHitProxies = 0x10E
[2026-09-19 16:05:32.2469142] UWorld::bShouldTick = 0x10E
[2026-09-19 16:05:32.2471705] UWorld::bStreamingDataDirty = 0x10E
[2026-09-19 16:05:32.2473354] UWorld::bShouldForceUnloadStreamingLevels = 0x10E
[2026-09-19 16:05:32.2475266] UWorld::bShouldForceVisibleStreamingLevels = 0x10E
[2026-09-19 16:05:32.2476992] UWorld::NextURL = 0x5F0
[2026-09-19 16:05:32.2479480] UWorld::RealTimeSeconds = 0x5A8
[2026-09-19 16:05:32.2481204] UWorld::bMaterialParameterCollectionInstanceNeedsDeferredUpdate = 0x10F
[2026-09-19 16:05:32.2483156] UWorld::BuildStreamingDataTimer = 0x3D0
[2026-09-19 16:05:32.2485309] UWorld::URL = 0x480
[2026-09-19 16:05:32.2486936] UWorld::LastTimeUnbuiltLightingWasEncountered = 0x598
[2026-09-19 16:05:32.2489714] UWorld::UnpausedTimeSeconds = 0x5A4
[2026-09-19 16:05:32.2491558] UWorld::CommittedPersistentLevelName = 0x610
[2026-09-19 16:05:32.2496841] UWorld::AudioTimeSeconds = 0x5AC
[2026-09-19 16:05:32.2499212] UWorld::PauseDelay = 0x5B4
[2026-09-19 16:05:32.2501368] UWorld::OriginOffsetThisFrame = 0x5D0
[2026-09-19 16:05:32.2503589] UWorld::NextSwitchCountdown = 0x5DC
[2026-09-19 16:05:32.2505063] UWorld::NumStreamingLevelsBeingLoaded = 0x5EA
[2026-09-19 16:05:32.2507676] UWorld::PreparingLevelNames = 0x600
[2026-09-19 16:05:32.2509659] UWorld::bMarkedObjectsPendingKill = 0x618
[2026-09-19 16:05:32.2511304] UDataTable::RowStruct = 0x28
[2026-09-19 16:05:32.2513565] UDataTable::RowMap = 0x30
[2026-09-19 16:05:32.2515200] UDataTable::bStripFromClientBuilds = 0x80
[2026-09-19 16:05:32.2516696] UDataTable::bIgnoreExtraFields = 0x80
[2026-09-19 16:05:32.2518573] UDataTable::bIgnoreMissingFields = 0x80
[2026-09-19 16:05:32.2520500] UDataTable::UEP_TotalSize = 0xB0
[2026-09-19 16:05:32.2522473] UDataTable::ImportKeyField = 0x88
[2026-09-19 16:05:32.2525074] FUObjectItem::Object = 0x0
[2026-09-19 16:05:32.2527203] FUObjectItem::Flags = 0x8
[2026-09-19 16:05:32.2529050] FUObjectItem::ClusterRootIndex = 0xC
[2026-09-19 16:05:32.2531339] FUObjectItem::SerialNumber = 0x10
[2026-09-19 16:05:32.2533413] FUObjectItem::UEP_TotalSize = 0x18
[2026-09-19 16:05:32.2534884] FUObjectArray::ObjFirstGCIndex = 0x0
[2026-09-19 16:05:32.2536877] FUObjectArray::ObjLastNonGCIndex = 0x4
[2026-09-19 16:05:32.2539415] FUObjectArray::MaxObjectsNotConsideredByGC = 0x8
[2026-09-19 16:05:32.2542870] FUObjectArray::ObjObjects = 0x10
[2026-09-19 16:05:32.2544622] FUObjectArray::UObjectCreateListeners = 0x68
[2026-09-19 16:05:32.2546364] FUObjectArray::OpenForDisregardForGC = 0xC
[2026-09-19 16:05:32.2548490] FUObjectArray::UObjectDeleteListeners = 0x78
[2026-09-19 16:05:32.2550122] FUObjectArray::ObjAvailableList = 0x58
[2026-09-19 16:05:32.2551586] FUObjectArray::MasterSerialNumber = 0xB0
[2026-09-19 16:05:32.2554996] FUObjectArray::UEP_TotalSize = 0xB8
[2026-09-19 16:05:32.2556540] TUObjectArray::NumChunks = 0x1C
[2026-09-19 16:05:32.2559517] TUObjectArray::Objects = 0x0
[2026-09-19 16:05:32.2562498] TUObjectArray::UEP_TotalSize = 0x20
[2026-09-19 16:05:32.2564172] TUObjectArray::PreAllocatedObjects = 0x8
[2026-09-19 16:05:32.2565791] TUObjectArray::MaxElements = 0x10
[2026-09-19 16:05:32.2568449] TUObjectArray::NumElements = 0x14
[2026-09-19 16:05:32.2569773] TUObjectArray::MaxChunks = 0x18
[2026-09-19 16:05:32.2571300] 
##### MEMBER OFFSETS END (Coalesced) #####

[2026-09-19 16:05:32.2574762] [UE4SS.EngineTick.HashTableSelfTest] Added posthook with Id '0X20000000000003'!
[2026-09-19 16:05:32.2578173] Unreal Engine modules (non-modular):
[2026-09-19 16:05:32.2580777] MainExe @ 0x7ff774d30000 size=0x5e4b000
[2026-09-19 16:05:32.2582490] [EventViewerMod.EngineTick.InstallHook] Added prehook with Id '0XE020000000000004'!
[2026-09-19 16:05:32.2584721] m_shared_functions: 0x1c41c4cc6e0
[2026-09-19 16:05:32.2591211] Input source set to: Win32Async
[2026-09-19 16:05:32.2597469] [UE4SS.LoadMap.LuaModImpl] Added prehook with Id '0X2040000000000001'!
[2026-09-19 16:05:32.2599262] [UE4SS.LoadMap.LuaModImpl] Added posthook with Id '0X40000000000002'!
[2026-09-19 16:05:32.2605978] [UE4SS.InitGameState.LuaModImpl] Added prehook with Id '0X2010000000000001'!
[2026-09-19 16:05:32.2607559] [UE4SS.InitGameState.LuaModImpl] Added posthook with Id '0X10000000000002'!
[2026-09-19 16:05:32.2615587] [UE4SS.BeginPlay.LuaModImpl] Added prehook with Id '0X2008000000000001'!
[2026-09-19 16:05:32.2633107] [UE4SS.BeginPlay.LuaModImpl] Added posthook with Id '0X8000000000002'!
[2026-09-19 16:05:32.2638447] [UE4SS.EndPlay.LuaModImpl] Added prehook with Id '0X2004000000000001'!
[2026-09-19 16:05:32.2640891] [UE4SS.EndPlay.LuaModImpl] Added posthook with Id '0X4000000000002'!
[2026-09-19 16:05:32.2642913] [UnknownMod.StaticConstructObject.PostHook] Added posthook with Id '0X1000000000000002'!
[2026-09-19 16:05:32.2857130] [UnknownMod.ULocalPlayerExec.PreHook] Added prehook with Id '0X2000400000000001'!
[2026-09-19 16:05:32.2859737] [UnknownMod.ULocalPlayerExec.PostHook] Added posthook with Id '0X400000000002'!
[2026-09-19 16:05:32.2865905] [UnknownMod.CallFunctionByNameWithArguments.PreHook] Added prehook with Id '0X2000800000000001'!
[2026-09-19 16:05:32.2867714] [UnknownMod.CallFunctionByNameWithArguments.PostHook] Added posthook with Id '0X800000000002'!
[2026-09-19 16:05:32.2871920] [UnknownMod.ProcessConsoleExec.PostHook] Added posthook with Id '0X400000000000001'!
[2026-09-19 16:05:32.2873652] [UnknownMod.ProcessConsoleExec.PreHook] Added prehook with Id '0X2400000000000002'!
[2026-09-19 16:05:32.2875192] [UnknownMod.ProcessConsoleExec.PostHook] Added posthook with Id '0X400000000000003'!
[2026-09-19 16:05:32.2876717] [UnknownMod.ProcessConsoleExec.PostHook] Added posthook with Id '0X400000000000004'!
[2026-09-19 16:05:32.2878891] [UnknownMod.ProcessConsoleExec.PostHook] Added posthook with Id '0X400000000000005'!
[2026-09-19 16:05:32.2881643] Enabling custom events
[2026-09-19 16:05:32.2886388] [UE4SS.ProcessLocalScriptFunction.LuaModImplScriptHook] Added posthook with Id '0X80000000000001'!
[2026-09-19 16:05:32.2888852] Starting mods (from mods.txt (D:\Games\Gas Station Simulator\GSS2\Binaries\Win64\ue4ss\Mods\mods.txt) load order)...
[2026-09-19 16:05:32.2898014] Starting Lua mod 'CheatManagerEnablerMod'
[2026-09-19 16:05:32.2914979] [RegisterHook] Registered native hook (1, 2) for Function /Script/Engine.PlayerController:ClientRestart
[2026-09-19 16:05:32.2916792] Mod 'ActorDumperMod' disabled in mods.txt.
[2026-09-19 16:05:32.2918591] Starting Lua mod 'ConsoleCommandsMod'
[2026-09-19 16:05:32.2950871] Starting Lua mod 'ConsoleEnablerMod'
[2026-09-19 16:05:32.2962729] [UE4SS.EngineTick.LuaModImpl] Added prehook with Id '0X2020000000000005'!
[2026-09-19 16:05:32.2965138] [RegisterHook] Registered native hook (3, 4) for Function /Script/Engine.PlayerController:ClientRestart
[2026-09-19 16:05:32.2967463] Mod 'SplitScreenMod' disabled in mods.txt.
[2026-09-19 16:05:32.2969017] Starting Lua mod 'LineTraceMod'
[2026-09-19 16:05:32.3011331] [Lua] [LineTraceMod] KismetSystemLibrary: KismetSystemLibrary /Script/Engine.Default__KismetSystemLibrary
[2026-09-19 16:05:32.3030191] [Lua] [LineTraceMod] KismetMathLibrary: KismetMathLibrary /Script/Engine.Default__KismetMathLibrary
[2026-09-19 16:05:32.3032113] Starting Lua mod 'BPML_GenericFunctions'
[2026-09-19 16:05:32.3039436] Starting Lua mod 'BPModLoaderMod'
[2026-09-19 16:05:32.3305882] [Lua] [BPModLoaderMod] Mods/BPModLoaderMod/load_order.txt not present or no matching mods, loading all BP mods in random order.
[2026-09-19 16:05:32.3310097] Mod 'jsbLuaProfilerMod' disabled in mods.txt.
[2026-09-19 16:05:32.3315854] Mod 'InfiniteFuel' disabled in mods.txt.
[2026-09-19 16:05:32.3318419] Starting Lua mod 'MaxTraffic'
[2026-09-19 16:05:32.3346024] [RegisterHook] Registered native hook (5, 6) for Function /Script/GSS2.TrafficManagerSubsystem:GetCurrentTotalTrafficImpact
[2026-09-19 16:05:32.3378906] [RegisterHook] Registered native hook (7, 8) for Function /Script/GSS2.TrafficSettings:GetSpawnTimeByTrafficImpact
[2026-09-19 16:05:32.3381915] Starting Lua mod 'MaxContractPoints'
[2026-09-19 16:05:32.3393133] Starting Lua mod 'MaxBlueprints'
[2026-09-19 16:05:32.3406443] Starting Lua mod 'InfiniteFuelStation'
[2026-09-19 16:05:32.3425456] Starting Lua mod 'InfiniteFuelAirport'
[2026-09-19 16:05:32.3436219] Starting Lua mod 'CheapEmployees'
[2026-09-19 16:05:32.3449533] Starting Lua mod 'MaxWarehouseCapacity'
[2026-09-19 16:05:32.3461013] Starting Lua mod 'Keybinds'
[2026-09-19 16:05:32.3472480] Starting mods (from enabled.txt (D:\Games\Gas Station Simulator\GSS2\Binaries\Win64\ue4ss\Mods), no defined load order)...
[2026-09-19 16:05:32.3482002] Event loop start
[2026-09-19 16:05:38.6138592] [Lua] [CheatManagerEnabler] CheatManager already exist, skipping restoration
[2026-09-19 16:05:38.6286255] [Lua] [ConsoleEnabler] ConsoleKey[1]: Tilde
[2026-09-19 16:05:38.6289625] [Lua] [ConsoleEnabler] ConsoleKey[2]: F10
[2026-09-19 16:05:38.6293956] Unregistering native pre-hook (3) for /Script/Engine.PlayerController:ClientRestart
[2026-09-19 16:05:38.6297473] Unregistering native post-hook (4) for /Script/Engine.PlayerController:ClientRestart
[2026-09-19 16:05:38.8657466] [Lua] [ConsoleEnabler] ConsoleKey[1]: Tilde
[2026-09-19 16:05:38.8663033] [Lua] [ConsoleEnabler] ConsoleKey[2]: F10
[2026-09-19 16:05:38.9054919] [HashTables] Get at 0x7ff776784f60, tables at 0x7ff77a470008, package maps present
[2026-09-19 16:05:38.9060012] [HashTables] UClass instances: hash 3479 in 0.185 ms, array 3479 in 15.727 ms
[2026-09-19 16:05:38.9070948] [HashTables] AActor instances including derived: hash 1331 in 0.185 ms, array 1331 in 15.727 ms
[2026-09-19 16:05:38.9082375] [HashTables] Objects with outer /Script/CoreUObject: hash 192 in 0.185 ms, array 192 in 15.727 ms
[2026-09-19 16:05:38.9085655] [HashTables] Package /Script/CoreUObject: hash 0x1c42211c900 in 0.185 ms, array 0x1c42211c900 in 15.727 ms
[2026-09-19 16:05:38.9089300] [HashTables] Class /Script/CoreUObject.Object: hash 0x1c421841a80 in 0.185 ms, array 0x1c421841a80 in 15.727 ms
[2026-09-19 16:05:38.9092935] [HashTables] Self test passed (4257 classes with instances)
[2026-09-19 16:05:38.9118951] [HashTables] Searcher pools and GUObjectArray listeners retired
[2026-09-19 16:05:41.1457500] [FCallbackGarbageCollector] Freed invalid callbacks!
[2026-09-19 16:05:44.1470929] [FCallbackGarbageCollector] Freed invalid callbacks!
[2026-09-19 16:05:55.2833095] [Lua] [CheatManagerEnabler] CheatManager already exist, skipping restoration
[2026-09-19 17:01:33.7811277] Dumping TMap Property Overrides
[2026-09-19 17:01:33.8020725] Found Relevant TMap Property: BoundActorComponents in Class: TemplateSequence
[2026-09-19 17:01:33.8025534] Found Relevant TMap Property: VectorParameterValues in Class: DatasmithMaterialInstanceTemplate
[2026-09-19 17:01:33.8031349] Found Relevant TMap Property: AllInfoActors in Class: MagicLeapARPinRenderer
[2026-09-19 17:01:33.8033925] Found Relevant TMap Property: AllContentBindings in Class: MagicLeapARPinContentBindings
[2026-09-19 17:01:33.8055370] Found Relevant TMap Property: TierColors in Class: JunkyardWrecksDataAsset
[2026-09-19 17:01:33.8064866] Found Relevant TMap Property: ServiceLocations in Class: RVBuildingLocalizer
[2026-09-19 17:01:33.8098738] Found Relevant TMap Property: SoftwareCursors in Class: UserInterfaceSettings
[2026-09-19 17:01:33.8128338] Found Relevant TMap Property: UserParameterRedirects in Class: NiagaraUserRedirectionParameterStore
[2026-09-19 17:01:33.8137965] Found Relevant TMap Property: Tracks in Class: MovieSceneEvaluationTemplate
[2026-09-19 17:01:33.8140858] Found Relevant TMap Property: TrackSignatureToTrackIdentifier in Class: MovieSceneTemplateGenerationLedger
[2026-09-19 17:01:33.8143680] Found Relevant TMap Property: SubSectionRanges in Class: MovieSceneTemplateGenerationLedger
[2026-09-19 17:01:33.8147102] Found Relevant TMap Property: SubSequences in Class: MovieSceneSequenceHierarchy
[2026-09-19 17:01:33.8150549] Found Relevant TMap Property: Hierarchy in Class: MovieSceneSequenceHierarchy
[2026-09-19 17:01:33.8155634] Found Relevant TMap Property: BindingIdToReferences in Class: LevelSequenceBindingReferences
[2026-09-19 17:01:33.8168072] Found Relevant TMap Property: StrToVec in Class: StructSerializerMapTestStruct
[2026-09-19 17:01:33.8188091] Found Relevant TMap Property: CurveConversionAssetMap in Class: LiveLinkCurveConversionSettings
[2026-09-19 17:01:33.8792591] Finished Dumping 16 TMap Properties
[2026-09-19 17:01:40.3207399] Generating UHT compatible headers...
[2026-09-19 17:01:40.3429246] Cleaning up previously generated SDK (if one exists)
[2026-09-19 17:01:40.3433611] Initializing native packages dump
[2026-09-19 17:01:40.3436197] Gathering native objects for dumping
[2026-09-19 17:01:40.3818110] Attempting to dump 3478 native classes
[2026-09-19 17:01:40.7544910] Unhandled default value of the FObjectProperty ObjectProperty /Script/KantanChartsUMG.KantanCategoryChart:CategoryStyleSet: KantanCategoryStyleSet /KantanCharts/Style/CategoryStyles/DefaultCategoryStyleSet.DefaultCategoryStyleSet
[2026-09-19 17:01:40.7576325] Unhandled default value of the FObjectProperty ObjectProperty /Script/KantanChartsUMG.KantanCategoryChart:CategoryStyleSet: KantanCategoryStyleSet /KantanCharts/Style/CategoryStyles/DefaultCategoryStyleSet.DefaultCategoryStyleSet
[2026-09-19 17:01:40.7608227] Unhandled default value of the FObjectProperty ObjectProperty /Script/KantanChartsUMG.KantanCategoryChart:CategoryStyleSet: KantanCategoryStyleSet /KantanCharts/Style/CategoryStyles/DefaultCategoryStyleSet.DefaultCategoryStyleSet
[2026-09-19 17:01:40.7642098] Unhandled default value of the FObjectProperty ObjectProperty /Script/KantanChartsUMG.KantanCartesianChartBase:SeriesStyleSet: KantanSeriesStyleSet /KantanCharts/Style/SeriesStyles/DefaultSeriesStyleSet.DefaultSeriesStyleSet
[2026-09-19 17:01:40.7669719] Unhandled default value of the FObjectProperty ObjectProperty /Script/KantanChartsUMG.KantanCartesianChartBase:SeriesStyleSet: KantanSeriesStyleSet /KantanCharts/Style/SeriesStyles/DefaultSeriesStyleSet.DefaultSeriesStyleSet
[2026-09-19 17:01:40.7703442] Unhandled default value of the FObjectProperty ObjectProperty /Script/KantanChartsUMG.KantanCartesianChartBase:SeriesStyleSet: KantanSeriesStyleSet /KantanCharts/Style/SeriesStyles/DefaultSeriesStyleSet.DefaultSeriesStyleSet
[2026-09-19 17:01:40.7745083] Unhandled default value of the FObjectProperty ObjectProperty /Script/KantanChartsUMG.KantanCartesianChartBase:SeriesStyleSet: KantanSeriesStyleSet /KantanCharts/Style/SeriesStyles/DefaultSeriesStyleSet.DefaultSeriesStyleSet
[2026-09-19 17:01:40.7777712] Unhandled default value of the FObjectProperty ObjectProperty /Script/KantanChartsUMG.KantanCategoryChart:CategoryStyleSet: KantanCategoryStyleSet /KantanCharts/Style/CategoryStyles/DefaultCategoryStyleSet.DefaultCategoryStyleSet
[2026-09-19 17:01:40.7810678] Unhandled default value of the FObjectProperty ObjectProperty /Script/KantanChartsUMG.KantanCartesianChartBase:SeriesStyleSet: KantanSeriesStyleSet /KantanCharts/Style/SeriesStyles/DefaultSeriesStyleSet.DefaultSeriesStyleSet
[2026-09-19 17:01:40.7841416] Unhandled default value of the FObjectProperty ObjectProperty /Script/KantanChartsUMG.KantanCartesianChartBase:SeriesStyleSet: KantanSeriesStyleSet /KantanCharts/Style/SeriesStyles/DefaultSeriesStyleSet.DefaultSeriesStyleSet
[2026-09-19 17:01:40.7869440] Unhandled default value of the FObjectProperty ObjectProperty /Script/KantanChartsUMG.KantanCartesianChartBase:SeriesStyleSet: KantanSeriesStyleSet /KantanCharts/Style/SeriesStyles/DefaultSeriesStyleSet.DefaultSeriesStyleSet
[2026-09-19 17:01:41.1121301] Unhandled default value of the FObjectProperty ObjectProperty /Script/CommonUI.CommonVideoPlayer:VideoMaterial: Material /CommonUI/VideoPlayerMaterial.VideoPlayerMaterial
[2026-09-19 17:01:41.8642980] Unhandled default value of the FClassProperty ClassProperty /Script/NopeAISystem.NPAISystemSettings:CharacterInfoWidget: WidgetBlueprintGeneratedClass /NopeAISystem/WBP_CharacterInfo.WBP_CharacterInfo_C
[2026-09-19 17:01:41.8649892] Unhandled default value of the FClassProperty ClassProperty /Script/NopeAISystem.NPAISystemSettings:AIManagerClass: BlueprintGeneratedClass /Game/Blueprints/GSSAIManager_BP.GSSAIManager_BP_C
[2026-09-19 17:01:41.9075758] Unhandled default value of the FObjectProperty ObjectProperty /Script/UMG.WidgetComponent:TranslucentMaterial: MaterialInstanceConstant /Engine/EngineMaterials/Widget3DPassThrough_Translucent.Widget3DPassThrough_Translucent
[2026-09-19 17:01:41.9081312] Unhandled default value of the FObjectProperty ObjectProperty /Script/UMG.WidgetComponent:TranslucentMaterial_OneSided: MaterialInstanceConstant /Engine/EngineMaterials/Widget3DPassThrough_Translucent_OneSided.Widget3DPassThrough_Translucent_OneSided
[2026-09-19 17:01:41.9089465] Unhandled default value of the FObjectProperty ObjectProperty /Script/UMG.WidgetComponent:OpaqueMaterial: MaterialInstanceConstant /Engine/EngineMaterials/Widget3DPassThrough_Opaque.Widget3DPassThrough_Opaque
[2026-09-19 17:01:41.9091874] Unhandled default value of the FObjectProperty ObjectProperty /Script/UMG.WidgetComponent:OpaqueMaterial_OneSided: MaterialInstanceConstant /Engine/EngineMaterials/Widget3DPassThrough_Opaque_OneSided.Widget3DPassThrough_Opaque_OneSided
[2026-09-19 17:01:41.9094603] Unhandled default value of the FObjectProperty ObjectProperty /Script/UMG.WidgetComponent:MaskedMaterial: MaterialInstanceConstant /Engine/EngineMaterials/Widget3DPassThrough_Masked.Widget3DPassThrough_Masked
[2026-09-19 17:01:41.9097722] Unhandled default value of the FObjectProperty ObjectProperty /Script/UMG.WidgetComponent:MaskedMaterial_OneSided: MaterialInstanceConstant /Engine/EngineMaterials/Widget3DPassThrough_Masked_OneSided.Widget3DPassThrough_Masked_OneSided
[2026-09-19 17:01:41.9125354] Unhandled default value of the FObjectProperty ObjectProperty /Script/UMG.WidgetComponent:TranslucentMaterial: MaterialInstanceConstant /Engine/EngineMaterials/Widget3DPassThrough_Translucent.Widget3DPassThrough_Translucent
[2026-09-19 17:01:41.9132913] Unhandled default value of the FObjectProperty ObjectProperty /Script/UMG.WidgetComponent:TranslucentMaterial_OneSided: MaterialInstanceConstant /Engine/EngineMaterials/Widget3DPassThrough_Translucent_OneSided.Widget3DPassThrough_Translucent_OneSided
[2026-09-19 17:01:41.9136128] Unhandled default value of the FObjectProperty ObjectProperty /Script/UMG.WidgetComponent:OpaqueMaterial: MaterialInstanceConstant /Engine/EngineMaterials/Widget3DPassThrough_Opaque.Widget3DPassThrough_Opaque
[2026-09-19 17:01:41.9139671] Unhandled default value of the FObjectProperty ObjectProperty /Script/UMG.WidgetComponent:OpaqueMaterial_OneSided: MaterialInstanceConstant /Engine/EngineMaterials/Widget3DPassThrough_Opaque_OneSided.Widget3DPassThrough_Opaque_OneSided
[2026-09-19 17:01:41.9143687] Unhandled default value of the FObjectProperty ObjectProperty /Script/UMG.WidgetComponent:MaskedMaterial: MaterialInstanceConstant /Engine/EngineMaterials/Widget3DPassThrough_Masked.Widget3DPassThrough_Masked
[2026-09-19 17:01:41.9147445] Unhandled default value of the FObjectProperty ObjectProperty /Script/UMG.WidgetComponent:MaskedMaterial_OneSided: MaterialInstanceConstant /Engine/EngineMaterials/Widget3DPassThrough_Masked_OneSided.Widget3DPassThrough_Masked_OneSided
[2026-09-19 17:01:41.9467937] Unhandled default value of the FObjectProperty ObjectProperty /Script/Engine.MaterialExpressionTextureBase:Texture: Texture2D /Engine/EngineResources/DefaultTexture.DefaultTexture
[2026-09-19 17:01:41.9489628] Unhandled default value of the FObjectProperty ObjectProperty /Script/Engine.MaterialExpressionTextureBase:Texture: Texture2D /Engine/EngineResources/DefaultTexture.DefaultTexture
[2026-09-19 17:01:41.9606429] Unhandled default value of the FObjectProperty ObjectProperty /Script/Paper2D.PaperFlipbook:DefaultMaterial: MaterialInstanceConstant /Paper2D/MaskedUnlitSpriteMaterial.MaskedUnlitSpriteMaterial
[2026-09-19 17:01:41.9843901] Unhandled default value of the FObjectProperty ObjectProperty /Script/Paper2D.PaperSprite:DefaultMaterial: MaterialInstanceConstant /Paper2D/MaskedUnlitSpriteMaterial.MaskedUnlitSpriteMaterial
[2026-09-19 17:01:41.9847531] Unhandled default value of the FObjectProperty ObjectProperty /Script/Paper2D.PaperSprite:AlternateMaterial: MaterialInstanceConstant /Paper2D/OpaqueUnlitSpriteMaterial.OpaqueUnlitSpriteMaterial
[2026-09-19 17:01:41.9988133] Unhandled default value of the FObjectProperty ObjectProperty /Script/Paper2D.PaperTerrainComponent:TerrainMaterial: PaperTerrainMaterial /Paper2D/DefaultPaperTerrainMaterial.DefaultPaperTerrainMaterial
[2026-09-19 17:01:42.0139072] Unhandled default value of the FObjectProperty ObjectProperty /Script/Paper2D.PaperTileMap:Material: MaterialInstanceConstant /Paper2D/MaskedUnlitSpriteMaterial.MaskedUnlitSpriteMaterial
[2026-09-19 17:01:42.0311045] Unhandled default value of the FObjectProperty ObjectProperty /Script/Paper2D.PaperTileMapComponent:Material: MaterialInstanceConstant /Paper2D/MaskedUnlitSpriteMaterial.MaskedUnlitSpriteMaterial
[2026-09-19 17:01:42.0314613] Unhandled default value of the FObjectProperty ObjectProperty /Script/Paper2D.PaperTileMapComponent:TileMap: PaperTileMap /Script/Paper2D.Default__PaperTileMapComponent:PaperTileMap_0
[2026-09-19 17:01:42.7974442] Unhandled default value of the FClassProperty ClassProperty /Script/MagicLeapARPin.MagicLeapARPinRenderer:ClassToSpawn: BlueprintGeneratedClass /MagicLeapPassableWorld/MagicLeapARPinInfoActor.MagicLeapARPinInfoActor_C
[2026-09-19 17:01:42.8786701] Unhandled default value of the FObjectProperty ObjectProperty /Script/MagicLeapAR.LuminAROrigin:PlaneSurfaceMaterial: Material /Engine/EngineDebugMaterials/VertexColorMaterial.VertexColorMaterial
[2026-09-19 17:01:42.8791227] Unhandled default value of the FObjectProperty ObjectProperty /Script/MagicLeapAR.LuminAROrigin:WireframeMaterial: Material /Engine/EngineDebugMaterials/WireframeMaterial.WireframeMaterial
[2026-09-19 17:01:42.8831308] Unhandled default value of the FObjectProperty ObjectProperty /Script/AugmentedReality.ARSessionConfig:DefaultMeshMaterial: Material /Engine/EngineMaterials/WorldGridMaterial.WorldGridMaterial
[2026-09-19 17:01:42.8835624] Unhandled default value of the FObjectProperty ObjectProperty /Script/AugmentedReality.ARSessionConfig:DefaultWireframeMeshMaterial: Material /Engine/EngineMaterials/WorldGridMaterial.WorldGridMaterial
[2026-09-19 17:01:42.8865620] Unhandled default value of the FObjectProperty ObjectProperty /Script/AugmentedReality.ARSessionConfig:DefaultMeshMaterial: Material /Engine/EngineMaterials/WorldGridMaterial.WorldGridMaterial
[2026-09-19 17:01:42.8870644] Unhandled default value of the FObjectProperty ObjectProperty /Script/AugmentedReality.ARSessionConfig:DefaultWireframeMeshMaterial: Material /Engine/EngineMaterials/WorldGridMaterial.WorldGridMaterial
[2026-09-19 17:01:43.0605777] Unhandled default value of the FObjectProperty ObjectProperty /Script/PhysXVehicles.VehicleWheel:CollisionMesh: StaticMesh /Engine/EngineMeshes/Cylinder.Cylinder
[2026-09-19 17:01:44.2091724] Unhandled default value of the FClassProperty ClassProperty /Script/GSS2.GSSDeveloperSettings:AchievementWidgetClass: WidgetBlueprintGeneratedClass /Game/UI/Achievment_Unlocked_WBP.Achievment_Unlocked_WBP_C
[2026-09-19 17:01:44.2095569] Unhandled default value of the FClassProperty ClassProperty /Script/GSS2.GSSDeveloperSettings:CarWreckTooltipClass: BlueprintGeneratedClass /DLC006_CarJunkyard/UI/WreckTooltip/BP_CarWreckTooltip.BP_CarWreckTooltip_C
[2026-09-19 17:01:44.2104416] Unhandled default value of the FClassProperty ClassProperty /Script/GSS2.GSSDeveloperSettings:CarPartTooltipClass: BlueprintGeneratedClass /DLC006_CarJunkyard/UI/PartInformation/BP_PartInfo.BP_PartInfo_C
[2026-09-19 17:01:44.2107458] Unhandled default value of the FClassProperty ClassProperty /Script/GSS2.GSSDeveloperSettings:CarWreckHighlightTooltipClass: BlueprintGeneratedClass /DLC006_CarJunkyard/UI/PartInformation/BP_WreckInfo.BP_WreckInfo_C
[2026-09-19 17:01:44.2110247] Unhandled default value of the FClassProperty ClassProperty /Script/GSS2.GSSDeveloperSettings:CarMaskWidgetClass: WidgetBlueprintGeneratedClass /DLC006_CarJunkyard/UI/CarWreckMask/WBP_CarWreckMask.WBP_CarWreckMask_C
[2026-09-19 17:01:44.2113691] Unhandled default value of the FClassProperty ClassProperty /Script/GSS2.GSSDeveloperSettings:AchievementManagerClass: BlueprintGeneratedClass /Game/Blueprints/Achievements/AchievementManager_BP.AchievementManager_BP_C
[2026-09-19 17:01:44.2117559] Unhandled default value of the FClassProperty ClassProperty /Script/GSS2.GSSDeveloperSettings:CustomerTaskList: BlueprintGeneratedClass /Game/Blueprints/AI/Humans/Task/BP_BuyIceCream.BP_BuyIceCream_C
[2026-09-19 17:01:44.2121799] Unhandled default value of the FClassProperty ClassProperty /Script/GSS2.GSSDeveloperSettings:FishTrashClass: BlueprintGeneratedClass /Game/Blueprints/Items/TrashItems/Trash_Fish_1.Trash_Fish_1_C
[2026-09-19 17:01:44.2126657] Unhandled default value of the FClassProperty ClassProperty /Script/GSS2.GSSDeveloperSettings:LeaderboardManagerClass: BlueprintGeneratedClass /Game/Blueprints/Leaderboards/LeaderboardManager_BP.LeaderboardManager_BP_C
[2026-09-19 17:01:44.2128937] Unhandled default value of the FClassProperty ClassProperty /Script/GSS2.GSSDeveloperSettings:QueuePointClass: BlueprintGeneratedClass /Game/Blueprints/Buildings/BP_EditableQueuePoint.BP_EditableQueuePoint_C
[2026-09-19 17:01:44.2940195] Unhandled default value of the FClassProperty ClassProperty /Script/Engine.WorldSettings:KillZDamageType: BlueprintGeneratedClass /Engine/EngineDamageTypes/DmgTypeBP_Environmental.DmgTypeBP_Environmental_C
[2026-09-19 17:01:45.5447477] Unhandled default value of the FObjectProperty ObjectProperty /Script/PhysXVehicles.VehicleWheel:CollisionMesh: StaticMesh /Engine/EngineMeshes/Cylinder.Cylinder
[2026-09-19 17:01:46.9966908] Unhandled default value of the FObjectProperty ObjectProperty /Script/Engine.AudioSettings:DefaultSoundClass: SoundClass /Game/Audio/Oskarsoundclass.Oskarsoundclass
[2026-09-19 17:01:46.9971807] Unhandled default value of the FObjectProperty ObjectProperty /Script/Engine.AudioSettings:DefaultMediaSoundClass: SoundClass /Engine/EngineSounds/Master.Master
[2026-09-19 17:01:47.0762458] Unhandled default value of the FObjectProperty ObjectProperty /Script/Engine.Canvas:DefaultTexture: Texture2D /Engine/EngineResources/WhiteSquareTexture.WhiteSquareTexture
[2026-09-19 17:01:47.0769973] Unhandled default value of the FObjectProperty ObjectProperty /Script/Engine.Canvas:GradientTexture0: Texture2D /Engine/EngineResources/GradientTexture0.GradientTexture0
[2026-09-19 17:01:47.1117159] Unhandled default value of the FObjectProperty ObjectProperty /Script/Engine.Console:DefaultTexture_Black: Texture2D /Engine/EngineResources/Black.Black
[2026-09-19 17:01:47.1122111] Unhandled default value of the FObjectProperty ObjectProperty /Script/Engine.Console:DefaultTexture_White: Texture2D /Engine/EngineResources/WhiteSquareTexture.WhiteSquareTexture
[2026-09-19 17:01:47.5900464] Unhandled default value of the FObjectProperty ObjectProperty /Script/Engine.MaterialExpressionTextureBase:Texture: Texture2D /Engine/EngineResources/DefaultTexture.DefaultTexture
[2026-09-19 17:01:48.0831669] Unhandled default value of the FObjectProperty ObjectProperty /Script/Engine.MaterialExpressionTextureBase:Texture: Texture2D /Engine/EngineResources/DefaultTexture.DefaultTexture
[2026-09-19 17:01:48.0852667] Unhandled default value of the FObjectProperty ObjectProperty /Script/Engine.MaterialExpressionTextureBase:Texture: Texture2D /Engine/EngineResources/DefaultTexture.DefaultTexture
[2026-09-19 17:01:48.0908756] Unhandled default value of the FObjectProperty ObjectProperty /Script/Engine.MaterialExpressionTextureBase:Texture: TextureCube /Engine/EngineResources/DefaultTextureCube.DefaultTextureCube
[2026-09-19 17:01:48.0937891] Unhandled default value of the FObjectProperty ObjectProperty /Script/Engine.MaterialExpressionTextureBase:Texture: Texture2D /Engine/EngineResources/DefaultTexture.DefaultTexture
[2026-09-19 17:01:48.0968417] Unhandled default value of the FObjectProperty ObjectProperty /Script/Engine.MaterialExpressionTextureBase:Texture: VolumeTexture /Engine/EngineResources/DefaultVolumeTexture.DefaultVolumeTexture
[2026-09-19 17:01:48.7001644] Warning: Invalid value for enum 'EMobileMSAASampleCount', casting instead of using enum name. Value '0' will be cast to the enum.
[2026-09-19 17:01:49.9108401] Unhandled default value of the FObjectProperty ObjectProperty /Script/Engine.TextRenderComponent:TextMaterial: Material /Engine/EngineMaterials/DefaultTextMaterialOpaque.DefaultTextMaterialOpaque
[2026-09-19 17:01:49.9113516] Unhandled default value of the FObjectProperty ObjectProperty /Script/Engine.TextRenderComponent:Font: Font /Engine/EngineFonts/RobotoDistanceField.RobotoDistanceField
[2026-09-19 17:01:50.1068912] Unhandled default value of the FObjectProperty ObjectProperty /Script/Engine.VolumetricCloudComponent:Material: MaterialInstanceConstant /Engine/EngineSky/VolumetricClouds/m_SimpleVolumetricCloud_Inst.m_SimpleVolumetricCloud_Inst
[2026-09-19 17:01:51.2648493] Unhandled default value of the FObjectProperty ObjectProperty /Script/GeometryCollectionEngine.GeometryCollectionRenderLevelSetActor:TargetVolumeTexture: VolumeTexture /Engine/EngineDebugMaterials/VolumeToRender.VolumeToRender
[2026-09-19 17:01:51.2653563] Unhandled default value of the FObjectProperty ObjectProperty /Script/GeometryCollectionEngine.GeometryCollectionRenderLevelSetActor:RayMarchMaterial: Material /Engine/EngineDebugMaterials/M_VolumeRenderSphereTracePP.M_VolumeRenderSphereTracePP
[2026-09-19 17:01:51.2844584] Unhandled default value of the FObjectProperty ObjectProperty /Script/InteractiveToolsFramework.InteractiveGizmo:InputBehaviors: InputBehaviorSet /Script/InteractiveToolsFramework.Default__InteractiveGizmo:GizmoInputBehaviors
[2026-09-19 17:01:51.2870755] Unhandled default value of the FObjectProperty ObjectProperty /Script/InteractiveToolsFramework.InteractiveGizmo:InputBehaviors: InputBehaviorSet /Script/InteractiveToolsFramework.Default__AxisAngleGizmo:GizmoInputBehaviors
[2026-09-19 17:01:51.2926231] Unhandled default value of the FObjectProperty ObjectProperty /Script/InteractiveToolsFramework.InteractiveGizmo:InputBehaviors: InputBehaviorSet /Script/InteractiveToolsFramework.Default__AxisPositionGizmo:GizmoInputBehaviors
[2026-09-19 17:01:51.3123711] Unhandled default value of the FObjectProperty ObjectProperty /Script/InteractiveToolsFramework.InteractiveTool:InputBehaviors: InputBehaviorSet /Script/InteractiveToolsFramework.Default__InteractiveTool:InputBehaviors
[2026-09-19 17:01:51.3147804] Unhandled default value of the FObjectProperty ObjectProperty /Script/InteractiveToolsFramework.InteractiveTool:InputBehaviors: InputBehaviorSet /Script/InteractiveToolsFramework.Default__SingleSelectionTool:InputBehaviors
[2026-09-19 17:01:51.3176146] Unhandled default value of the FObjectProperty ObjectProperty /Script/InteractiveToolsFramework.InteractiveTool:InputBehaviors: InputBehaviorSet /Script/InteractiveToolsFramework.Default__MeshSurfacePointTool:InputBehaviors
[2026-09-19 17:01:51.3206046] Unhandled default value of the FObjectProperty ObjectProperty /Script/InteractiveToolsFramework.InteractiveTool:InputBehaviors: InputBehaviorSet /Script/InteractiveToolsFramework.Default__BaseBrushTool:InputBehaviors
[2026-09-19 17:01:51.3253289] Unhandled default value of the FObjectProperty ObjectProperty /Script/InteractiveToolsFramework.InteractiveGizmo:InputBehaviors: InputBehaviorSet /Script/InteractiveToolsFramework.Default__BrushStampIndicator:GizmoInputBehaviors
[2026-09-19 17:01:51.3365739] Unhandled default value of the FObjectProperty ObjectProperty /Script/InteractiveToolsFramework.InteractiveTool:InputBehaviors: InputBehaviorSet /Script/InteractiveToolsFramework.Default__ClickDragTool:InputBehaviors
[2026-09-19 17:01:51.3716307] Unhandled default value of the FObjectProperty ObjectProperty /Script/InteractiveToolsFramework.InputRouter:ActiveInputBehaviors: InputBehaviorSet /Script/InteractiveToolsFramework.Default__InputRouter:InputBehaviors
[2026-09-19 17:01:51.3890306] Unhandled default value of the FObjectProperty ObjectProperty /Script/InteractiveToolsFramework.InteractiveGizmo:InputBehaviors: InputBehaviorSet /Script/InteractiveToolsFramework.Default__IntervalGizmo:GizmoInputBehaviors
[2026-09-19 17:01:51.4049889] Unhandled default value of the FObjectProperty ObjectProperty /Script/InteractiveToolsFramework.InteractiveTool:InputBehaviors: InputBehaviorSet /Script/InteractiveToolsFramework.Default__MultiSelectionTool:InputBehaviors
[2026-09-19 17:01:51.4283185] Unhandled default value of the FObjectProperty ObjectProperty /Script/InteractiveToolsFramework.InteractiveGizmo:InputBehaviors: InputBehaviorSet /Script/InteractiveToolsFramework.Default__PlanePositionGizmo:GizmoInputBehaviors
[2026-09-19 17:01:51.4402226] Unhandled default value of the FObjectProperty ObjectProperty /Script/InteractiveToolsFramework.InteractiveTool:InputBehaviors: InputBehaviorSet /Script/InteractiveToolsFramework.Default__SingleClickTool:InputBehaviors
[2026-09-19 17:01:51.4570665] Unhandled default value of the FObjectProperty ObjectProperty /Script/InteractiveToolsFramework.InteractiveGizmo:InputBehaviors: InputBehaviorSet /Script/InteractiveToolsFramework.Default__TransformGizmo:GizmoInputBehaviors
[2026-09-19 17:01:51.5100318] Attempting to dump 2818 native structs
[2026-09-19 17:01:57.7831651] Attempting to dump 1356 native enums
[2026-09-19 17:01:57.8533077] Writing stub module build files for 160 modules
[2026-09-19 17:02:18.9139563] Done!
[2026-09-19 17:02:18.9242381] Generating UHT compatible headers took 38.6030635 seconds
[2026-09-19 17:02:36.9375153] Cleaning up old SDK files...
[2026-09-19 17:02:36.9379772] Generating SDK...
[2026-09-19 17:02:37.0887897] File name collision, renamed to 'Cylinder_DUPL_1'
[2026-09-19 17:02:37.0911070] File name collision, renamed to 'achievement_icon_ACH_FIFTIETH_DUPL_1'
[2026-09-19 17:02:37.0921686] File name collision, renamed to 'BaseNpc_PickingProductsUp_OnePick_02_DUPL_1'
[2026-09-19 17:02:37.0925661] File name collision, renamed to 'NPC_IDunno__DUPL_1'
[2026-09-19 17:02:37.0938098] File name collision, renamed to 'SM_Exo_CobWeb04_DUPL_1'
[2026-09-19 17:02:37.0948494] File name collision, renamed to 'Wheels_RMA_DUPL_1'
[2026-09-19 17:02:37.0952575] File name collision, renamed to 'Wheels_N_DUPL_1'
[2026-09-19 17:02:37.0956719] File name collision, renamed to 'Wheels_C_DUPL_1'
[2026-09-19 17:02:37.0973714] File name collision, renamed to 'OrangePeel_Nor_DUPL_1'
[2026-09-19 17:02:37.1034614] File name collision, renamed to 'stroke_white_ui_brush_DUPL_1'
[2026-09-19 17:02:37.1048462] File name collision, renamed to 'Male_NPC_Waiting_Head_Scratch2_DUPL_1'
[2026-09-19 17:02:37.1059953] File name collision, renamed to 'DefaultSpriteMaterial_DUPL_1'
[2026-09-19 17:02:37.1064421] File name collision, renamed to 'BlendMask_01_RGBAMask_DUPL_1'
[2026-09-19 17:02:37.1073495] File name collision, renamed to 'M_Tiles_DUPL_1'
[2026-09-19 17:02:37.1077899] File name collision, renamed to 'M_Snow_DUPL_1'
[2026-09-19 17:02:37.1088379] File name collision, renamed to 'T_Mask1_DUPL_1'
[2026-09-19 17:02:37.1102014] File name collision, renamed to '1_DUPL_1'
[2026-09-19 17:02:37.1104744] File name collision, renamed to '1_DUPL_2'
[2026-09-19 17:02:37.1122073] File name collision, renamed to 'WhiteSquareTexture_DUPL_1'
[2026-09-19 17:02:37.1133237] File name collision, renamed to 'Stars_DUPL_1'
[2026-09-19 17:02:37.1137523] File name collision, renamed to 'Cloud_Wisps_DUPL_1'
[2026-09-19 17:02:37.1142168] File name collision, renamed to 'Eyes_Grey_DUPL_1'
[2026-09-19 17:02:37.1147405] File name collision, renamed to 'star_ui_brush_DUPL_1'
[2026-09-19 17:02:37.1151916] File name collision, renamed to 'Decal_GSS_Logo_DUPL_1'
[2026-09-19 17:02:37.1162649] File name collision, renamed to 'White_N_DUPL_1'
[2026-09-19 17:02:37.1165454] File name collision, renamed to 'Grey_C_DUPL_1'
[2026-09-19 17:02:37.1168382] File name collision, renamed to 'Gray_mask_DUPL_1'
[2026-09-19 17:02:37.1170820] File name collision, renamed to 'OrangePeel_Nor_DUPL_2'
[2026-09-19 17:02:37.1174530] File name collision, renamed to 'BlendMask_01_RGBAMask_DUPL_2'
[2026-09-19 17:02:37.1177042] File name collision, renamed to 'BlendMask_01_RGBAMask_DUPL_3'
[2026-09-19 17:02:37.1179209] File name collision, renamed to 'flipbook_DUPL_1'
[2026-09-19 17:02:37.1182855] File name collision, renamed to 'FlipBook_DUPL_2'
[2026-09-19 17:02:37.1185920] File name collision, renamed to 'OrangePeel_Nor_DUPL_3'
[2026-09-19 17:02:37.1194652] File name collision, renamed to 'PlatformBG_MAT_DUPL_1'
[2026-09-19 17:02:37.1198503] File name collision, renamed to 'MF_UI_WeightedCorners_DUPL_1'
[2026-09-19 17:02:37.1201252] File name collision, renamed to 'MF_UI_SDF_Box_DUPL_1'
[2026-09-19 17:02:37.1204102] File name collision, renamed to 'MF_UI_AspectRatio_DUPL_1'
[2026-09-19 17:02:37.1209665] File name collision, renamed to 'cogency_skill_used_img_DUPL_1'
[2026-09-19 17:02:37.1231729] File name collision, renamed to 'F_NormalIntensity_DUPL_1'
[2026-09-19 17:02:37.1244191] File name collision, renamed to 'Plaster_01_RMA_DUPL_1'
[2026-09-19 17:02:37.1247468] File name collision, renamed to 'Dirt_RMA_DUPL_1'
[2026-09-19 17:02:37.1251446] File name collision, renamed to 'M_VertexAlphaHeightBlend_DUPL_1'
[2026-09-19 17:02:37.1254768] File name collision, renamed to 'F_Fade_DUPL_1'
[2026-09-19 17:02:37.1268161] File name collision, renamed to 'T_Plastic_N_DUPL_1'
[2026-09-19 17:02:37.1311128] File name collision, renamed to 'nice_reaction_ui_brush_DUPL_1'
[2026-09-19 17:02:37.1323647] File name collision, renamed to 'GlassMask_01_RGBA_DUPL_1'
[2026-09-19 17:02:37.1327131] File name collision, renamed to 'White_N_DUPL_2'
[2026-09-19 17:02:37.1330556] File name collision, renamed to 'Albedo_DUPL_1'
[2026-09-19 17:02:37.1334377] File name collision, renamed to 'HappyVolcanoMask_DUPL_1'
[2026-09-19 17:02:37.1342563] File name collision, renamed to 'AngryStompLeftLegs_00_DUPL_1'
[2026-09-19 17:02:37.1346443] File name collision, renamed to 'EmployeeBroom_DUPL_1'
[2026-09-19 17:02:37.1354906] File name collision, renamed to 'T_WheelHub_R_DUPL_1'
[2026-09-19 17:02:37.1359451] File name collision, renamed to 'M_Metal_DUPL_1'
[2026-09-19 17:02:37.1366431] File name collision, renamed to 'MI_Metal_Anodized_01_dirty_DUPL_1'
[2026-09-19 17:02:37.1374729] File name collision, renamed to 'MM_TilingBlend_DUPL_1'
[2026-09-19 17:02:37.1377555] File name collision, renamed to 'NormalIntensity_MF_DUPL_1'
[2026-09-19 17:02:37.1668804] File name collision, renamed to 'Sphere_DUPL_1'
[2026-09-19 17:02:37.1675093] File name collision, renamed to 'Mouth_RMA_DUPL_1'
[2026-09-19 17:02:37.1681735] File name collision, renamed to 'Mouth_N_DUPL_1'
[2026-09-19 17:02:37.1684770] File name collision, renamed to 'Mouth_A_DUPL_1'
[2026-09-19 17:02:37.1689465] File name collision, renamed to 'RMA_DUPL_1'
[2026-09-19 17:02:37.1692377] File name collision, renamed to 'Albedo_DUPL_2'
[2026-09-19 17:02:37.1699641] File name collision, renamed to 'T_RainDrops_N_DUPL_1'
[2026-09-19 17:02:37.1714313] File name collision, renamed to 'M_Impostor_SimpleOffset_DUPL_1'
[2026-09-19 17:02:37.1716846] File name collision, renamed to 'VirtualPlaneCoordinates_Imposter_DUPL_1'
[2026-09-19 17:02:37.1721877] File name collision, renamed to 'UnitVectorToHemiOctahedra_DUPL_1'
[2026-09-19 17:02:37.1724916] File name collision, renamed to 'TriangulatedWireframe_DUPL_1'
[2026-09-19 17:02:37.1728231] File name collision, renamed to 'TriangleInterpolator_DUPL_1'
[2026-09-19 17:02:37.1730675] File name collision, renamed to 'ImpostorInfo_DUPL_1'
[2026-09-19 17:02:37.1735446] File name collision, renamed to 'ImpostorGridToVector_DUPL_1'
[2026-09-19 17:02:37.1738324] File name collision, renamed to 'Impostor_ThreeFrameBlend_DUPL_1'
[2026-09-19 17:02:37.1742582] File name collision, renamed to 'ImposterSpriteProjection_DUPL_1'
[2026-09-19 17:02:37.1747131] File name collision, renamed to 'ImposterFrameTransform_Setup_DUPL_1'
[2026-09-19 17:02:37.1750574] File name collision, renamed to 'ImposterFrameTransform_DUPL_1'
[2026-09-19 17:02:37.1754784] File name collision, renamed to 'HemiOctahedronToUnitVector_DUPL_1'
[2026-09-19 17:02:37.1758471] File name collision, renamed to 'FrameBlendWeights_TextureObject_DUPL_1'
[2026-09-19 17:02:37.1761978] File name collision, renamed to 'FrameBlendWeights_DUPL_1'
[2026-09-19 17:02:37.1775193] File name collision, renamed to 'T_WheelHub_R_DUPL_2'
[2026-09-19 17:02:37.1778746] File name collision, renamed to 'M_Metal_DUPL_2'
[2026-09-19 17:02:37.1783205] File name collision, renamed to 'T_blank_N_DUPL_1'
[2026-09-19 17:02:37.1789702] File name collision, renamed to 'T_Water_N_DUPL_1'
[2026-09-19 17:02:37.1792556] File name collision, renamed to 'T_default_normal_DUPL_1'
[2026-09-19 17:02:37.1796315] File name collision, renamed to 'ObjectScale_DUPL_1'
[2026-09-19 17:02:37.1827091] File name collision, renamed to 'food_6_DUPL_1'
[2026-09-19 17:02:37.1831176] File name collision, renamed to 'food_5_DUPL_1'
[2026-09-19 17:02:37.1833533] File name collision, renamed to 'food_4_DUPL_1'
[2026-09-19 17:02:37.1837373] File name collision, renamed to 'food_3_DUPL_1'
[2026-09-19 17:02:37.1840474] File name collision, renamed to 'food_2_DUPL_1'
[2026-09-19 17:02:37.1843299] File name collision, renamed to 'food_1_DUPL_1'
[2026-09-19 17:02:37.1849786] File name collision, renamed to 'Dirt_RMA_DUPL_2'
[2026-09-19 17:02:37.1858696] File name collision, renamed to 'glasses_6_DUPL_1'
[2026-09-19 17:02:37.1861328] File name collision, renamed to 'glasses_5_DUPL_1'
[2026-09-19 17:02:37.1864577] File name collision, renamed to 'glasses_4_DUPL_1'
[2026-09-19 17:02:37.1867145] File name collision, renamed to 'glasses_3_DUPL_1'
[2026-09-19 17:02:37.1869758] File name collision, renamed to 'glasses_2_DUPL_1'
[2026-09-19 17:02:37.1873011] File name collision, renamed to 'glasses_1_DUPL_1'
[2026-09-19 17:02:37.1883279] File name collision, renamed to 'RMA_DUPL_2'
[2026-09-19 17:02:37.1886486] File name collision, renamed to 'NormalMap_DUPL_1'
[2026-09-19 17:02:37.1894550] File name collision, renamed to 'icecream_6_DUPL_1'
[2026-09-19 17:02:37.1897075] File name collision, renamed to 'icecream_5_DUPL_1'
[2026-09-19 17:02:37.1899697] File name collision, renamed to 'icecream_4_DUPL_1'
[2026-09-19 17:02:37.1902407] File name collision, renamed to 'icecream_3_DUPL_1'
[2026-09-19 17:02:37.1906105] File name collision, renamed to 'icecream_2_DUPL_1'
[2026-09-19 17:02:37.1926972] File name collision, renamed to 'icecream_1_DUPL_1'
[2026-09-19 17:02:37.1930678] File name collision, renamed to 'newspaper_6_DUPL_1'
[2026-09-19 17:02:37.1933996] File name collision, renamed to 'newspaper_5_DUPL_1'
[2026-09-19 17:02:37.1937861] File name collision, renamed to 'newspaper_4_DUPL_1'
[2026-09-19 17:02:37.1942370] File name collision, renamed to 'newspaper_3_DUPL_1'
[2026-09-19 17:02:37.1945771] File name collision, renamed to 'newspaper_2_DUPL_1'
[2026-09-19 17:02:37.1948764] File name collision, renamed to 'newspaper_1_DUPL_1'
[2026-09-19 17:02:37.1959220] File name collision, renamed to 'softdrink_6_DUPL_1'
[2026-09-19 17:02:37.1961463] File name collision, renamed to 'softdrink_5_DUPL_1'
[2026-09-19 17:02:37.1964120] File name collision, renamed to 'softdrink_4_DUPL_1'
[2026-09-19 17:02:37.1966780] File name collision, renamed to 'softdrink_3_DUPL_1'
[2026-09-19 17:02:37.1969871] File name collision, renamed to 'softdrink_2_DUPL_1'
[2026-09-19 17:02:37.1972116] File name collision, renamed to 'softdrink_1_DUPL_1'
[2026-09-19 17:02:37.1974141] File name collision, renamed to 'M_Glass_DUPL_1'
[2026-09-19 17:02:37.1976858] File name collision, renamed to 'MI_Glass_DUPL_1'
[2026-09-19 17:02:37.1979470] File name collision, renamed to 'M_Glass_DUPL_2'
[2026-09-19 17:02:37.1984372] File name collision, renamed to 'softtoy_4_DUPL_1'
[2026-09-19 17:02:37.1986117] File name collision, renamed to 'softtoy_3_DUPL_1'
[2026-09-19 17:02:37.1987715] File name collision, renamed to 'softtoy_2_DUPL_1'
[2026-09-19 17:02:37.1989387] File name collision, renamed to 'softtoy_1_DUPL_1'
[2026-09-19 17:02:37.1996245] File name collision, renamed to 'Toy_6_DUPL_1'
[2026-09-19 17:02:37.1999855] File name collision, renamed to 'toy_8_DUPL_1'
[2026-09-19 17:02:37.2001859] File name collision, renamed to 'toy_7_DUPL_1'
[2026-09-19 17:02:37.2004195] File name collision, renamed to 'toy_5_DUPL_1'
[2026-09-19 17:02:37.2005875] File name collision, renamed to 'toy_4_DUPL_1'
[2026-09-19 17:02:37.2008898] File name collision, renamed to 'toy_3_DUPL_1'
[2026-09-19 17:02:37.2011152] File name collision, renamed to 'toy_2_DUPL_1'
[2026-09-19 17:02:37.2014645] File name collision, renamed to 'toy_1_DUPL_1'
[2026-09-19 17:02:37.2018891] File name collision, renamed to 'SM_ball_DUPL_1'
[2026-09-19 17:02:37.2035790] File name collision, renamed to 'ma_HipHopDance_WavesHandDown_anim_DUPL_1'
[2026-09-19 17:02:37.2039063] File name collision, renamed to 'ma_HipHopDancing_WaveHandsUp_anim_DUPL_1'
[2026-09-19 17:02:37.2041456] File name collision, renamed to 'ma_TutHipHopDance_anim_DUPL_1'
[2026-09-19 17:02:37.2043692] File name collision, renamed to 'ma_SillyDance_anim_DUPL_1'
[2026-09-19 17:02:37.2046551] File name collision, renamed to 'ma_HouseDancing_PsyTrance_anim_DUPL_1'
[2026-09-19 17:02:37.2049641] File name collision, renamed to 'ma_HouseDancing_Soft_anim_DUPL_1'
[2026-09-19 17:02:37.2052421] File name collision, renamed to 'ma_BreakdanceUprock_anim_DUPL_1'
[2026-09-19 17:02:37.2055710] File name collision, renamed to 'ma_BreakdanceFreezes_anim_DUPL_1'
[2026-09-19 17:02:37.2085716] File name collision, renamed to 'ma_DancePeople_Walk_01_anim_DUPL_1'
[2026-09-19 17:02:37.2090386] File name collision, renamed to 'ma_DancePeople_Idle_01_anim_DUPL_1'
[2026-09-19 17:02:37.2096451] File name collision, renamed to 'Base_Idle_Male_00_DUPL_1'
[2026-09-19 17:02:37.2099477] File name collision, renamed to 'ShoulderRub_DUPL_1'
[2026-09-19 17:02:37.2102469] File name collision, renamed to 'NeckStretchIdle_DUPL_1'
[2026-09-19 17:02:37.2105369] File name collision, renamed to 'Idle_01_LookAround_DUPL_1'
[2026-09-19 17:02:37.2109320] File name collision, renamed to 'CheckingYourself_DUPL_1'
[2026-09-19 17:02:37.2112219] File name collision, renamed to 'Npc_Scared_Run_IP_DUPL_1'
[2026-09-19 17:02:37.2114351] File name collision, renamed to 'NPC_Scared_Idle_DUPL_1'
[2026-09-19 17:02:37.2131457] File name collision, renamed to 'Npc_Scared_Run_IP_DUPL_2'
[2026-09-19 17:02:37.2134353] File name collision, renamed to 'NPC_Scared_Idle_DUPL_2'
[2026-09-19 17:02:37.2295043] File name collision, renamed to 'FE_VO_AM_F_55_Montage_DUPL_1'
[2026-09-19 17:02:37.2299167] File name collision, renamed to 'FE_VO_AM_F_54_Montage_DUPL_1'
[2026-09-19 17:02:37.2303387] File name collision, renamed to 'FE_VO_AM_F_53_Montage_DUPL_1'
[2026-09-19 17:02:37.2307408] File name collision, renamed to 'FE_VO_AM_F_52_Montage_DUPL_1'
[2026-09-19 17:02:37.2311451] File name collision, renamed to 'FE_VO_AM_F_51_Montage_DUPL_1'
[2026-09-19 17:02:37.2314655] File name collision, renamed to 'FE_VO_AM_F_49_Montage_DUPL_1'
[2026-09-19 17:02:37.2318132] File name collision, renamed to 'FE_VO_AM_F_48_Montage_DUPL_1'
[2026-09-19 17:02:37.2323225] File name collision, renamed to 'FE_VO_AM_F_47_Montage_DUPL_1'
[2026-09-19 17:02:37.2326781] File name collision, renamed to 'FE_VO_AM_F_46_Montage_DUPL_1'
[2026-09-19 17:02:37.2329998] File name collision, renamed to 'FE_VO_AM_F_45_Montage_DUPL_1'
[2026-09-19 17:02:37.2333563] File name collision, renamed to 'FE_VO_AM_F_44_Montage_DUPL_1'
[2026-09-19 17:02:37.2337799] File name collision, renamed to 'FE_VO_AM_F_43_Montage_DUPL_1'
[2026-09-19 17:02:37.2340332] File name collision, renamed to 'FE_VO_AM_F_42_Montage_DUPL_1'
[2026-09-19 17:02:37.2345628] File name collision, renamed to 'FE_VO_AM_F_41_Montage_DUPL_1'
[2026-09-19 17:02:37.2348678] File name collision, renamed to 'FE_VO_AM_F_40_Montage_DUPL_1'
[2026-09-19 17:02:37.2354177] File name collision, renamed to 'FE_VO_AM_F_39_Montage_DUPL_1'
[2026-09-19 17:02:37.2357449] File name collision, renamed to 'FE_VO_AM_F_38_Montage_DUPL_1'
[2026-09-19 17:02:37.2360727] File name collision, renamed to 'FE_VO_AM_F_37_Montage_DUPL_1'
[2026-09-19 17:02:37.2365182] File name collision, renamed to 'FE_VO_AM_F_36_Montage_DUPL_1'
[2026-09-19 17:02:37.2366851] File name collision, renamed to 'FE_VO_AM_F_35_Montage_DUPL_1'
[2026-09-19 17:02:37.2368965] File name collision, renamed to 'FE_VO_AM_F_28_Montage_DUPL_1'
[2026-09-19 17:02:37.2372262] File name collision, renamed to 'FE_VO_AM_F_27_Montage_DUPL_1'
[2026-09-19 17:02:37.2373818] File name collision, renamed to 'FE_VO_AM_F_25_Montage_DUPL_1'
[2026-09-19 17:02:37.2375304] File name collision, renamed to 'FE_VO_AM_F_24_Montage_DUPL_1'
[2026-09-19 17:02:37.2379271] File name collision, renamed to 'FE_VO_AM_F_23_Montage_DUPL_1'
[2026-09-19 17:02:37.2383812] File name collision, renamed to 'FE_VO_AM_F_22_Montage_DUPL_1'
[2026-09-19 17:02:37.2404268] File name collision, renamed to 'FE_VO_AM_F_21_Montage_DUPL_1'
[2026-09-19 17:02:37.2405946] File name collision, renamed to 'FE_VO_AM_F_20_Montage_DUPL_1'
[2026-09-19 17:02:37.2407737] File name collision, renamed to 'FE_VO_AM_F_13_Montage_DUPL_1'
[2026-09-19 17:02:37.2410126] File name collision, renamed to 'FE_VO_AM_F_12_Montage_DUPL_1'
[2026-09-19 17:02:37.2413294] File name collision, renamed to 'FE_VO_AM_F_11_Montage_DUPL_1'
[2026-09-19 17:02:37.2415146] File name collision, renamed to 'FE_VO_AM_F_10_Montage_DUPL_1'
[2026-09-19 17:02:37.2418502] File name collision, renamed to 'FE_VO_AM_F_09_Montage_DUPL_1'
[2026-09-19 17:02:37.2421967] File name collision, renamed to 'FE_VO_AM_F_08_Montage_DUPL_1'
[2026-09-19 17:02:37.2424169] File name collision, renamed to 'FE_VO_AM_F_07_Montage_DUPL_1'
[2026-09-19 17:02:37.2426342] File name collision, renamed to 'FE_VO_AM_F_06_Montage_DUPL_1'
[2026-09-19 17:02:37.2429389] File name collision, renamed to 'FE_VO_AM_F_05_Montage_DUPL_1'
[2026-09-19 17:02:37.2432018] File name collision, renamed to 'FE_VO_AM_F_04_Montage_DUPL_1'
[2026-09-19 17:02:37.2434845] File name collision, renamed to 'FE_VO_AM_F_03_Montage_DUPL_1'
[2026-09-19 17:02:37.2438632] File name collision, renamed to 'FE_VO_AM_F_02_Montage_DUPL_1'
[2026-09-19 17:02:37.2441081] File name collision, renamed to 'FE_VO_AM_F_01_Montage_DUPL_1'
[2026-09-19 17:02:37.2443091] File name collision, renamed to 'FE_VO_AM_F_55_DUPL_1'
[2026-09-19 17:02:37.2444607] File name collision, renamed to 'FE_VO_AM_F_54_DUPL_1'
[2026-09-19 17:02:37.2446922] File name collision, renamed to 'FE_VO_AM_F_53_DUPL_1'
[2026-09-19 17:02:37.2449821] File name collision, renamed to 'FE_VO_AM_F_52_DUPL_1'
[2026-09-19 17:02:37.2451450] File name collision, renamed to 'FE_VO_AM_F_51_DUPL_1'
[2026-09-19 17:02:37.2454717] File name collision, renamed to 'FE_VO_AM_F_49_DUPL_1'
[2026-09-19 17:02:37.2457341] File name collision, renamed to 'FE_VO_AM_F_48_DUPL_1'
[2026-09-19 17:02:37.2459664] File name collision, renamed to 'FE_VO_AM_F_47_DUPL_1'
[2026-09-19 17:02:37.2462856] File name collision, renamed to 'FE_VO_AM_F_46_DUPL_1'
[2026-09-19 17:02:37.2465043] File name collision, renamed to 'FE_VO_AM_F_45_DUPL_1'
[2026-09-19 17:02:37.2466822] File name collision, renamed to 'FE_VO_AM_F_44_DUPL_1'
[2026-09-19 17:02:37.2469253] File name collision, renamed to 'FE_VO_AM_F_43_DUPL_1'
[2026-09-19 17:02:37.2471513] File name collision, renamed to 'FE_VO_AM_F_42_DUPL_1'
[2026-09-19 17:02:37.2473683] File name collision, renamed to 'FE_VO_AM_F_41_DUPL_1'
[2026-09-19 17:02:37.2476138] File name collision, renamed to 'FE_VO_AM_F_40_DUPL_1'
[2026-09-19 17:02:37.2478019] File name collision, renamed to 'FE_VO_AM_F_39_DUPL_1'
[2026-09-19 17:02:37.2479475] File name collision, renamed to 'FE_VO_AM_F_38_DUPL_1'
[2026-09-19 17:02:37.2481364] File name collision, renamed to 'FE_VO_AM_F_37_DUPL_1'
[2026-09-19 17:02:37.2483352] File name collision, renamed to 'FE_VO_AM_F_36_DUPL_1'
[2026-09-19 17:02:37.2484790] File name collision, renamed to 'FE_VO_AM_F_35_DUPL_1'
[2026-09-19 17:02:37.2487466] File name collision, renamed to 'FE_VO_AM_F_28_DUPL_1'
[2026-09-19 17:02:37.2488873] File name collision, renamed to 'FE_VO_AM_F_27_DUPL_1'
[2026-09-19 17:02:37.2490517] File name collision, renamed to 'FE_VO_AM_F_25_DUPL_1'
[2026-09-19 17:02:37.2492137] File name collision, renamed to 'FE_VO_AM_F_24_DUPL_1'
[2026-09-19 17:02:37.2494175] File name collision, renamed to 'FE_VO_AM_F_23_DUPL_1'
[2026-09-19 17:02:37.2495918] File name collision, renamed to 'FE_VO_AM_F_22_DUPL_1'
[2026-09-19 17:02:37.2497684] File name collision, renamed to 'FE_VO_AM_F_21_DUPL_1'
[2026-09-19 17:02:37.2500314] File name collision, renamed to 'FE_VO_AM_F_20_DUPL_1'
[2026-09-19 17:02:37.2502871] File name collision, renamed to 'FE_VO_AM_F_13_DUPL_1'
[2026-09-19 17:02:37.2504969] File name collision, renamed to 'FE_VO_AM_F_12_DUPL_1'
[2026-09-19 17:02:37.2506427] File name collision, renamed to 'FE_VO_AM_F_11_DUPL_1'
[2026-09-19 17:02:37.2507999] File name collision, renamed to 'FE_VO_AM_F_10_DUPL_1'
[2026-09-19 17:02:37.2510193] File name collision, renamed to 'FE_VO_AM_F_09_DUPL_1'
[2026-09-19 17:02:37.2512958] File name collision, renamed to 'FE_VO_AM_F_08_DUPL_1'
[2026-09-19 17:02:37.2514982] File name collision, renamed to 'FE_VO_AM_F_07_DUPL_1'
[2026-09-19 17:02:37.2518145] File name collision, renamed to 'FE_VO_AM_F_06_DUPL_1'
[2026-09-19 17:02:37.2520936] File name collision, renamed to 'FE_VO_AM_F_05_DUPL_1'
[2026-09-19 17:02:37.2524579] File name collision, renamed to 'FE_VO_AM_F_04_DUPL_1'
[2026-09-19 17:02:37.2527740] File name collision, renamed to 'FE_VO_AM_F_03_DUPL_1'
[2026-09-19 17:02:37.2530164] File name collision, renamed to 'FE_VO_AM_F_02_DUPL_1'
[2026-09-19 17:02:37.2533385] File name collision, renamed to 'FE_VO_AM_F_01_DUPL_1'
[2026-09-19 17:02:37.2606894] File name collision, renamed to 'Master_DUPL_1'
[2026-09-19 17:02:37.2634736] File name collision, renamed to 'F_Fade_DUPL_2'
[2026-09-19 17:02:37.2638947] File name collision, renamed to 'F_NormalIntensity_DUPL_2'
[2026-09-19 17:02:37.2651331] File name collision, renamed to 'M_VertexAlphaHeightBlend_DUPL_2'
[2026-09-19 17:02:37.2653341] File name collision, renamed to 'Dirt_C_DUPL_1'
[2026-09-19 17:02:37.2655238] File name collision, renamed to 'Plaster_01_RMA_DUPL_2'
[2026-09-19 17:02:37.2657362] File name collision, renamed to 'Grey_C_DUPL_2'
[2026-09-19 17:02:37.2660439] File name collision, renamed to 'White_N_DUPL_3'
[2026-09-19 17:02:37.2663225] File name collision, renamed to 'AO_Control_DUPL_1'
[2026-09-19 17:02:37.2666442] File name collision, renamed to 'F_Fade_DUPL_3'
[2026-09-19 17:02:37.2668369] File name collision, renamed to 'F_NormalIntensity_DUPL_3'
[2026-09-19 17:02:37.2671671] File name collision, renamed to 'GrassDry_01_CA_DUPL_1'
[2026-09-19 17:02:37.2673508] File name collision, renamed to 'GrassDry_01_N_DUPL_1'
[2026-09-19 17:02:37.2688630] File name collision, renamed to 'SM_SaguaroCactus_01_C_DUPL_1'
[2026-09-19 17:02:37.2703765] File name collision, renamed to 'SM_SaguaroCactus_01_B_DUPL_1'
[2026-09-19 17:02:37.2719814] File name collision, renamed to 'SM_OpuntiaCactus_01_A_DUPL_1'
[2026-09-19 17:02:37.2724856] File name collision, renamed to 'SM_Lantern_DUPL_1'
[2026-09-19 17:02:37.2732064] File name collision, renamed to 'ToiletPaper01_a_DUPL_1'
[2026-09-19 17:02:37.2735879] File name collision, renamed to 'TX_Dirt_01_ALB_DUPL_1'
[2026-09-19 17:02:37.2739071] File name collision, renamed to 'MI_ToiletPaper_MMProps_DUPL_1'
[2026-09-19 17:02:37.2747001] File name collision, renamed to 'GrassDry_01_CA_DUPL_2'
[2026-09-19 17:02:37.2749387] File name collision, renamed to 'GrassDry_01_N_DUPL_2'
[2026-09-19 17:02:37.2757023] File name collision, renamed to 'T_blank_N_DUPL_2'
[2026-09-19 17:02:37.2767423] File name collision, renamed to 'M_CraneBlink_LF_DUPL_1'
[2026-09-19 17:02:37.2773563] File name collision, renamed to 'T_Water_N_DUPL_2'
[2026-09-19 17:02:37.2793420] File name collision, renamed to 'BrushTx2_DUPL_1'
[2026-09-19 17:02:37.2797159] File name collision, renamed to 'M_CarPaint_DUPL_1'
[2026-09-19 17:02:37.2824603] File name collision, renamed to 'arrow_DUPL_1'
[2026-09-19 17:02:37.2869763] File name collision, renamed to 'engine_DUPL_1'
[2026-09-19 17:02:37.2896291] File name collision, renamed to 'SM_DJKboard_Standdd_Tripod_MI_Tripod_001_BaseColor_1001_DUPL_1'
[2026-09-19 17:02:37.2900055] File name collision, renamed to 'SM_DJKboard_Standdd_Tripod_MI_Tripod_001_Normal_1001_DUPL_1'
[2026-09-19 17:02:37.2903031] File name collision, renamed to 'SM_DJKboard_Standdd_Tripod_MI_Tripod_001_RMA_DUPL_1'
[2026-09-19 17:02:37.2906901] File name collision, renamed to 'SM_DJControlHolder01_MI_DJControl_Holder_003_BaseColor_1001_DUPL_1'
[2026-09-19 17:02:37.2909897] File name collision, renamed to 'SM_DJControlHolder01_MI_DJControl_Holder_003_Normal_1001_DUPL_1'
[2026-09-19 17:02:37.2912085] File name collision, renamed to 'SM_DJControlHolder01_MI_DJControl_Holder_003_RMA_DUPL_1'
[2026-09-19 17:02:37.2921200] File name collision, renamed to 'MI_Huts_MMProps_DUPL_1'
[2026-09-19 17:02:37.2924929] File name collision, renamed to 'MI_Cutouts_DUPL_1'
[2026-09-19 17:02:37.2933788] File name collision, renamed to 'SM_CreosoteBush_01_A_FoliageType_DUPL_1'
[2026-09-19 17:02:37.2936300] File name collision, renamed to 'SM_OcotilloCactus_01_A_FoliageType_DUPL_1'
[2026-09-19 17:02:37.2940661] File name collision, renamed to 'SM_Shrub_01_B_DUPL_1'
[2026-09-19 17:02:37.2942533] File name collision, renamed to 'Shrub_01_CA_DUPL_1'
[2026-09-19 17:02:37.2944116] File name collision, renamed to 'Shrub_01_N_DUPL_1'
[2026-09-19 17:02:37.2946294] File name collision, renamed to 'SM_OcotilloCactus_01_A_DUPL_1'
[2026-09-19 17:02:37.2948565] File name collision, renamed to 'OcotilloCactus_01_N_DUPL_1'
[2026-09-19 17:02:37.2953475] File name collision, renamed to 'SM_GrassDry_01_A_DUPL_1'
[2026-09-19 17:02:37.2965124] File name collision, renamed to 'M_Glass_DUPL_3'
[2026-09-19 17:02:37.2970350] File name collision, renamed to 'Clouds_DUPL_1'
[2026-09-19 17:02:37.2985772] File name collision, renamed to 'Noise_fibers_DUPL_1'
[2026-09-19 17:02:37.2987687] File name collision, renamed to 'blink_crv_DUPL_1'
[2026-09-19 17:02:37.2993856] File name collision, renamed to 'MI_Metal_Anodized_01_dirty_DUPL_2'
[2026-09-19 17:02:37.3005136] File name collision, renamed to 'SM_Neon_C_DUPL_1'
[2026-09-19 17:02:37.3007626] File name collision, renamed to 'SM_Neon_R_DUPL_1'
[2026-09-19 17:02:37.3010527] File name collision, renamed to 'SM_Neon_S_DUPL_1'
[2026-09-19 17:02:37.3012523] File name collision, renamed to 'SM_Neon_T_DUPL_1'
[2026-09-19 17:02:37.3014890] File name collision, renamed to 'SM_Neon_U_DUPL_1'
[2026-09-19 17:02:37.3023550] File name collision, renamed to 'TX_plywood_01_NRM_DUPL_1'
[2026-09-19 17:02:37.3045707] File name collision, renamed to 'TX_plywood_01_RMA_2_DUPL_1'
[2026-09-19 17:02:37.3049476] File name collision, renamed to 'M_Metal_DUPL_3'
[2026-09-19 17:02:37.3052359] File name collision, renamed to 'M_Glass_DUPL_4'
[2026-09-19 17:02:37.3055288] File name collision, renamed to 'MI_glass_DUPL_2'
[2026-09-19 17:02:37.3058257] File name collision, renamed to 'MI_Metal_Anodized_01_dirty_PT_DUPL_1'
[2026-09-19 17:02:37.3063259] File name collision, renamed to 'BC_DUPL_1'
[2026-09-19 17:02:37.3067322] File name collision, renamed to 'Black_DUPL_1'
[2026-09-19 17:02:37.3072366] File name collision, renamed to 'BC_DUPL_2'
[2026-09-19 17:02:37.3082567] File name collision, renamed to 'SM_Tire_01_DUPL_1'
[2026-09-19 17:02:37.3094590] File name collision, renamed to 'SM_Neon_H_DUPL_1'
[2026-09-19 17:02:37.3101550] File name collision, renamed to 'SM_Neon_A_DUPL_1'
[2026-09-19 17:02:37.3108897] File name collision, renamed to 'M_Glass_DUPL_5'
[2026-09-19 17:02:37.3117124] File name collision, renamed to 'T_Wheels_Damaged_RMA_DUPL_1'
[2026-09-19 17:02:37.3127503] File name collision, renamed to 'SM_SaguaroCactus_01_A_DUPL_1'
[2026-09-19 17:02:37.3138847] File name collision, renamed to 'MI_Huts_MMProps_DUPL_2'
[2026-09-19 17:02:37.3142836] File name collision, renamed to 'SM_LP_Damaged_Old_Car_02_DUPL_1'
[2026-09-19 17:02:37.3146760] File name collision, renamed to 'SM_Spool_01a_DUPL_1'
[2026-09-19 17:02:37.3150324] File name collision, renamed to 'MI_Spool_01a_DUPL_1'
[2026-09-19 17:02:37.3169191] File name collision, renamed to 'Sheds_Atlas_A_DUPL_1'
[2026-09-19 17:02:37.3172870] File name collision, renamed to 'Sheds_Atlas_N_DUPL_1'
[2026-09-19 17:02:37.3189707] File name collision, renamed to 'Sheds_Atlas_RMA_DUPL_1'
[2026-09-19 17:02:37.3192445] File name collision, renamed to 'M_Decal_DD_DUPL_1'
[2026-09-19 17:02:37.3195193] File name collision, renamed to 'T_dd_DUPL_1'
[2026-09-19 17:02:37.3203215] File name collision, renamed to 'Noise_01_RGB_DUPL_1'
[2026-09-19 17:02:37.3230702] File name collision, renamed to 'snap_anim_ui_brush_DUPL_1'
[2026-09-19 17:02:37.3244650] File name collision, renamed to 'MM_RuinedMuscleCar_Inst_2_DUPL_1'
[2026-09-19 17:02:37.3248661] File name collision, renamed to 'MM_RuinedMuscleCar_DUPL_1'
[2026-09-19 17:02:37.3278693] File name collision, renamed to 'Photo_flowersTidal_DUPL_1'
[2026-09-19 17:02:37.3283355] File name collision, renamed to 'UI_Sprite_Inst_DUPL_1'
[2026-09-19 17:02:37.3286213] File name collision, renamed to 'UI_Sprite_DUPL_1'
[2026-09-19 17:02:37.3310138] File name collision, renamed to 'HOME_DUPL_1'
[2026-09-19 17:02:37.3320984] File name collision, renamed to 'SM_Open_Sign_Big_DUPL_1'
[2026-09-19 17:02:37.3334647] File name collision, renamed to 'Plaster_01_C_DUPL_1'
[2026-09-19 17:02:37.3348647] File name collision, renamed to 'Plaster_01_N_DUPL_1'
[2026-09-19 17:02:37.3351656] File name collision, renamed to 'Plaster_01_RMA_DUPL_3'
[2026-09-19 17:02:37.3356318] File name collision, renamed to 'Wood_PhysMat_DUPL_1'
[2026-09-19 17:02:37.3359998] File name collision, renamed to 'star_icon_DUPL_1'
[2026-09-19 17:02:37.3365770] File name collision, renamed to 'eventIcon_DUPL_1'
[2026-09-19 17:02:37.3370195] File name collision, renamed to 'UpcomingEventIcon_DUPL_1'
[2026-09-19 17:02:37.3375122] File name collision, renamed to 'Orange_Gradient_DUPL_1'
[2026-09-19 17:02:37.3379238] File name collision, renamed to 'Orange_Gradient_Hover_Inst_DUPL_1'
[2026-09-19 17:02:37.3381328] File name collision, renamed to 'TrafficIcon_DUPL_1'
[2026-09-19 17:02:37.3392500] File name collision, renamed to 'lady_ui_brush_DUPL_1'
[2026-09-19 17:02:37.3398259] File name collision, renamed to '1_DUPL_3'
[2026-09-19 17:02:37.3426806] File name collision, renamed to 'CreosoteBush_01_CA_DUPL_1'
[2026-09-19 17:02:37.3429670] File name collision, renamed to 'CreosoteBush_01_N_DUPL_1'
[2026-09-19 17:02:37.3432082] File name collision, renamed to 'SaguaroCactusNeedles_01_C_DUPL_1'
[2026-09-19 17:02:37.3434378] File name collision, renamed to 'SaguaroCactusNeedles_01_N_DUPL_1'
[2026-09-19 17:02:37.3436768] File name collision, renamed to 'M_CreosoteBush_01_DUPL_1'
[2026-09-19 17:02:37.3438758] File name collision, renamed to 'SaguaroCactus_01_C_DUPL_1'
[2026-09-19 17:02:37.3440252] File name collision, renamed to 'SaguaroCactus_01_N_DUPL_1'
[2026-09-19 17:02:37.3442015] File name collision, renamed to 'SM_CreosoteBush_01_A_DUPL_1'
[2026-09-19 17:02:37.3444067] File name collision, renamed to 'SM_SaguaroCactus_01_B_DUPL_2'
[2026-09-19 17:02:37.3545275] File name collision, renamed to 'SM_Antenna_01_DUPL_1'
[2026-09-19 17:02:37.3551817] File name collision, renamed to 'T_black_DUPL_1'
[2026-09-19 17:02:37.3555168] File name collision, renamed to 'T_white_DUPL_1'
[2026-09-19 17:02:37.3564022] File name collision, renamed to 'A_DUPL_1'
[2026-09-19 17:02:37.3568030] File name collision, renamed to 'N_DUPL_1'
[2026-09-19 17:02:37.3573049] File name collision, renamed to 'T_auto_repair_table_01_basecolor_DUPL_1'
[2026-09-19 17:02:37.3575885] File name collision, renamed to 'T_auto_repair_table_01_normal_DUPL_1'
[2026-09-19 17:02:37.3578700] File name collision, renamed to 'T_auto_repair_table_01_rma_DUPL_1'
[2026-09-19 17:02:37.3588664] File name collision, renamed to 'Wheels_C_DUPL_2'
[2026-09-19 17:02:37.3606280] File name collision, renamed to 'SM_Lunchbox_01_DUPL_1'
[2026-09-19 17:02:37.3612636] File name collision, renamed to 'Huts_Atlas_A_DUPL_1'
[2026-09-19 17:02:37.3616149] File name collision, renamed to 'Huts_Atlas_N_DUPL_1'
[2026-09-19 17:02:37.3619155] File name collision, renamed to 'Sheds_Atlas_A_DUPL_2'
[2026-09-19 17:02:37.3623489] File name collision, renamed to 'Sheds_Atlas_N_DUPL_2'
[2026-09-19 17:02:37.3627134] File name collision, renamed to 'Sheds_Atlas_RMA_DUPL_2'
[2026-09-19 17:02:37.3633240] File name collision, renamed to 'concrete_01_N_DUPL_1'
[2026-09-19 17:02:37.3635776] File name collision, renamed to 'MM_MasterMaterial_01_DUPL_1'
[2026-09-19 17:02:37.3639491] File name collision, renamed to 'TX_Fill_01_ALB_DUPL_1'
[2026-09-19 17:02:37.3641394] File name collision, renamed to 'TX_Fill_01_NRM_DUPL_1'
[2026-09-19 17:02:37.3646314] File name collision, renamed to 'TX_Fill_01_RMA_DUPL_1'
[2026-09-19 17:02:37.3675146] File name collision, renamed to 'TX_Lunchbox_ALB_DUPL_1'
[2026-09-19 17:02:37.3679229] File name collision, renamed to 'TX_Lunchbox_NRM_DUPL_1'
[2026-09-19 17:02:37.3682288] File name collision, renamed to 'MM_RuinedMuscleCar_Inst_DUPL_1'
[2026-09-19 17:02:37.3690572] File name collision, renamed to 'Grey_C_DUPL_3'
[2026-09-19 17:02:37.3693563] File name collision, renamed to 'PVCPanel_01_RMA_DUPL_1'
[2026-09-19 17:02:37.3695783] File name collision, renamed to 'MM_TilingBlend_DUPL_2'
[2026-09-19 17:02:37.3697344] File name collision, renamed to 'Mask_01_RGB_DUPL_1'
[2026-09-19 17:02:37.3699066] File name collision, renamed to 'Plaster_01_C_DUPL_2'
[2026-09-19 17:02:37.3701806] File name collision, renamed to 'Plaster_01_Damaged_C_DUPL_1'
[2026-09-19 17:02:37.3704220] File name collision, renamed to 'Plaster_01_Damaged_N_DUPL_1'
[2026-09-19 17:02:37.3706394] File name collision, renamed to 'Plaster_01_Damaged_RMA_DUPL_1'
[2026-09-19 17:02:37.3709447] File name collision, renamed to 'Plaster_01_N_DUPL_2'
[2026-09-19 17:02:37.3711977] File name collision, renamed to 'F_Fade_DUPL_4'
[2026-09-19 17:02:37.3717618] File name collision, renamed to 'F_NormalConvert_DUPL_1'
[2026-09-19 17:02:37.3781358] File name collision, renamed to 'Screen_Passes_UIBrush_DUPL_1'
[2026-09-19 17:02:37.3789852] File name collision, renamed to 'MI_Signs_DUPL_1'
[2026-09-19 17:02:37.3792688] File name collision, renamed to 'T_Signs_RMA_DUPL_1'
[2026-09-19 17:02:37.3794611] File name collision, renamed to 'rustymetal_01_NRM_DUPL_1'
[2026-09-19 17:02:37.3796906] File name collision, renamed to 'rustymetal_02_RMA_DUPL_1'
[2026-09-19 17:02:37.3801838] File name collision, renamed to 'SM_Barrel_01_DUPL_1'
[2026-09-19 17:02:37.3829633] File name collision, renamed to 'SM_woodenpalette_01_DUPL_1'
[2026-09-19 17:02:37.3838573] File name collision, renamed to 'TX_WoodenPalette_01_ALB_DUPL_1'
[2026-09-19 17:02:37.3841207] File name collision, renamed to 'TX_WoodenPalette_01_NRM_DUPL_1'
[2026-09-19 17:02:37.3848872] File name collision, renamed to 'SM_TrashBag_01_A_DUPL_1'
[2026-09-19 17:02:37.3852236] File name collision, renamed to 'SM_Barrel_DUPL_1'
[2026-09-19 17:02:37.3867664] File name collision, renamed to 'T_blank_N_DUPL_3'
[2026-09-19 17:02:37.3871707] File name collision, renamed to 'T_Blank_DUPL_1'
[2026-09-19 17:02:37.3890677] File name collision, renamed to 'WareHouse_DUPL_1'
[2026-09-19 17:02:37.3900453] File name collision, renamed to 'SM_GrassDry_01_B_DUPL_1'
[2026-09-19 17:02:37.3904784] File name collision, renamed to 'exhaust_DUPL_1'
[2026-09-19 17:02:37.3911767] File name collision, renamed to 'T_black_d_DUPL_1'
[2026-09-19 17:02:37.3916608] File name collision, renamed to 'Vehicle_FrontTireConfig_DUPL_1'
[2026-09-19 17:02:37.3936595] File name collision, renamed to 'T_Blank_M_DUPL_1'
[2026-09-19 17:02:37.3939442] File name collision, renamed to 'T_Blank_DUPL_2'
[2026-09-19 17:02:37.3944259] File name collision, renamed to 'T_scanner_N_DUPL_1'
[2026-09-19 17:02:37.3947751] File name collision, renamed to 'decorations_exit_bg_ui_brush_DUPL_1'
[2026-09-19 17:02:37.4029362] File name collision, renamed to 'T_Wooden_Wall_A_N_DUPL_1'
[2026-09-19 17:02:37.4038750] File name collision, renamed to 'MM_RuinedMuscleCar_Inst_DUPL_2'
[2026-09-19 17:02:37.4040801] File name collision, renamed to 'MM_RuinedMuscleCar_Inst_2_DUPL_2'
[2026-09-19 17:02:37.4042718] File name collision, renamed to 'MM_RuinedMuscleCar_Inst_DUPL_3'
[2026-09-19 17:02:37.4052080] File name collision, renamed to 'Wheel_DUPL_1'
[2026-09-19 17:02:37.4055756] File name collision, renamed to 'SM_Canopy_DUPL_1'
[2026-09-19 17:02:37.4059271] File name collision, renamed to 'Rock5_inst_DUPL_1'
[2026-09-19 17:02:37.4063969] File name collision, renamed to 'MI_OffRoadVehicle_DUPL_1'
[2026-09-19 17:02:37.4066734] File name collision, renamed to 'MM_RuinedMuscleCar_DUPL_2'
[2026-09-19 17:02:37.4101117] File name collision, renamed to 'Gray_mask_DUPL_2'
[2026-09-19 17:02:37.4104913] File name collision, renamed to 'dirtmask_DUPL_1'
[2026-09-19 17:02:37.4112666] File name collision, renamed to 'T_Water_N_DUPL_3'
[2026-09-19 17:02:37.4116415] File name collision, renamed to 'TarmacRoof_01_RMAH_DUPL_1'
[2026-09-19 17:02:37.4120174] File name collision, renamed to 'RoadPatch_01_RMA_DUPL_1'
[2026-09-19 17:02:37.4134055] File name collision, renamed to 'Normal_DUPL_1'
[2026-09-19 17:02:37.4136895] File name collision, renamed to 'TX_Roller_Machine_M1_NRM_DUPL_1'
[2026-09-19 17:02:37.4139778] File name collision, renamed to 'TX_Roller_Machine_M1_ALB_DUPL_1'
[2026-09-19 17:02:37.4144342] File name collision, renamed to 'seylmwd_2K_Normal_DUPL_1'
[2026-09-19 17:02:37.4147352] File name collision, renamed to 'RMD_DUPL_1'
[2026-09-19 17:02:37.4150025] File name collision, renamed to 'Waves1_DUPL_1'
[2026-09-19 17:02:37.4152519] File name collision, renamed to 'T_snow_detailed_normal_DUPL_1'
[2026-09-19 17:02:37.4155074] File name collision, renamed to 'MoistureNoise_DUPL_1'
[2026-09-19 17:02:37.4157267] File name collision, renamed to 'RT_Trails_DUPL_1'
[2026-09-19 17:02:37.4161026] File name collision, renamed to 'MPC_TrailsParams_DUPL_1'
[2026-09-19 17:02:37.4164016] File name collision, renamed to 'M_VertexAlphaHeightBlend_DUPL_3'
[2026-09-19 17:02:37.4167832] File name collision, renamed to 'MapRange_MF_DUPL_1'
[2026-09-19 17:02:37.4172066] File name collision, renamed to 'snow_SSS_DUPL_1'
[2026-09-19 17:02:37.4174646] File name collision, renamed to 'Cheep_Snow_DUPL_1'
[2026-09-19 17:02:37.4178093] File name collision, renamed to 'Plane_DUPL_1'
[2026-09-19 17:02:37.4182271] File name collision, renamed to 'T_A_BaseTexture_DUPL_1'
[2026-09-19 17:02:37.4185038] File name collision, renamed to 'T_A_BaseNormal_DUPL_1'
[2026-09-19 17:02:37.4187791] File name collision, renamed to 'T_A_BaseMetallic_DUPL_1'
[2026-09-19 17:02:37.4190313] File name collision, renamed to 'RMA_DUPL_3'
[2026-09-19 17:02:37.4192846] File name collision, renamed to 'NormalMap_DUPL_2'
[2026-09-19 17:02:37.4194727] File name collision, renamed to 'Albedo_DUPL_3'
[2026-09-19 17:02:37.4210036] File name collision, renamed to 'Plane_DUPL_2'
[2026-09-19 17:02:37.4216474] File name collision, renamed to 'SM_GrassDry_01_A_DUPL_2'
[2026-09-19 17:02:37.4218731] File name collision, renamed to 'SM_CreosoteBush_01_A_DUPL_2'
[2026-09-19 17:02:37.4220429] File name collision, renamed to 'SM_GrassDry_01_A_DUPL_3'
[2026-09-19 17:02:37.4224144] File name collision, renamed to 'BP_Cliff_Instance_04_DUPL_1'
[2026-09-19 17:02:37.4225800] File name collision, renamed to 'BP_Cliff_Instance_03_DUPL_1'
[2026-09-19 17:02:37.4227627] File name collision, renamed to 'BP_Cliff_Instance_02_DUPL_1'
[2026-09-19 17:02:37.4229261] File name collision, renamed to 'BP_Cliff_Instance_01_DUPL_1'
[2026-09-19 17:02:37.4231401] File name collision, renamed to 'M_GrassDry_01_DUPL_1'
[2026-09-19 17:02:37.4233986] File name collision, renamed to 'CreosoteBush_01_N_DUPL_2'
[2026-09-19 17:02:37.4237184] File name collision, renamed to 'CreosoteBush_01_CA_DUPL_2'
[2026-09-19 17:02:37.4245425] File name collision, renamed to 'MM_RuinedMuscleCar_DUPL_3'
[2026-09-19 17:02:37.4269045] File name collision, renamed to 'SM_Generator_DUPL_1'
[2026-09-19 17:02:37.4274493] File name collision, renamed to 'MM_RuinedMuscleCar_DUPL_4'
[2026-09-19 17:02:37.4277518] File name collision, renamed to 'MI_Generator_DUPL_1'
[2026-09-19 17:02:37.4309480] File name collision, renamed to '0_DUPL_1'
[2026-09-19 17:02:37.4320772] File name collision, renamed to 'SM_PlywoodTable_01a_DUPL_1'
[2026-09-19 17:02:37.4325366] File name collision, renamed to 'SM_Shrub_01_A_DUPL_1'
[2026-09-19 17:02:37.4328607] File name collision, renamed to 'SM_Shrub_01_A_DUPL_2'
[2026-09-19 17:02:37.4333440] File name collision, renamed to 'SM_SaguaroCactus_01_A_DUPL_2'
[2026-09-19 17:02:37.4335350] File name collision, renamed to 'SM_OpuntiaCactus_01_A_DUPL_2'
[2026-09-19 17:02:37.4337699] File name collision, renamed to 'MI_Metal_Anodized_01_Dark_dirty_DUPL_1'
[2026-09-19 17:02:37.4340336] File name collision, renamed to 'SM_Shrub_01_B_FoliageType_DUPL_1'
[2026-09-19 17:02:37.4343223] File name collision, renamed to 'SM_Shrub_01_A_FoliageType_DUPL_1'
[2026-09-19 17:02:37.4346715] File name collision, renamed to 'M_Shrub_01_DUPL_1'
[2026-09-19 17:02:37.4349654] File name collision, renamed to 'Shrub_01_N_DUPL_2'
[2026-09-19 17:02:37.4351748] File name collision, renamed to 'Shrub_01_CA_DUPL_2'
[2026-09-19 17:02:37.4356927] File name collision, renamed to 'SM_SMALL_Desert_Rock_04_UE4_DUPL_1'
[2026-09-19 17:02:37.4359348] File name collision, renamed to 'SM_SMALL_Desert_Rock_03_UE4_DUPL_1'
[2026-09-19 17:02:37.4361282] File name collision, renamed to 'SM_SMALL_Desert_Rock_02_UE4_DUPL_1'
[2026-09-19 17:02:37.4365630] File name collision, renamed to 'SM_SMALL_Desert_Rock_01_UE4_DUPL_1'
[2026-09-19 17:02:37.4367767] File name collision, renamed to 'SM_Shrub_01_E_DUPL_1'
[2026-09-19 17:02:37.4371467] File name collision, renamed to 'SM_Shrub_01_D_DUPL_1'
[2026-09-19 17:02:37.4373421] File name collision, renamed to 'SM_OpuntiaCactus_01_B_DUPL_1'
[2026-09-19 17:02:37.4375317] File name collision, renamed to 'SM_OcotilloCactus_01_B_DUPL_1'
[2026-09-19 17:02:37.4377642] File name collision, renamed to 'SM_GrassDry_01_D_DUPL_1'
[2026-09-19 17:02:37.4380591] File name collision, renamed to 'SM_GrassDry_01_C_DUPL_1'
[2026-09-19 17:02:37.4382713] File name collision, renamed to 'SM_GrassDry_01_B_DUPL_2'
[2026-09-19 17:02:37.4384415] File name collision, renamed to 'SM_Desert_Rock_Pile_03_UE4_DUPL_1'
[2026-09-19 17:02:37.4387310] File name collision, renamed to 'SM_Desert_Rock_Pile_02_UE4_DUPL_1'
[2026-09-19 17:02:37.4390688] File name collision, renamed to 'SM_Desert_Rock_Pile_01_UE4_DUPL_1'
[2026-09-19 17:02:37.4394882] File name collision, renamed to 'SM_CreosoteBush_01_A_DUPL_3'
[2026-09-19 17:02:37.4398395] File name collision, renamed to 'SM_OcotilloCactus_01_A_DUPL_2'
[2026-09-19 17:02:37.4401493] File name collision, renamed to 'Substance_graph_output_DUPL_1'
[2026-09-19 17:02:37.4416658] File name collision, renamed to 'frame_RMA_DUPL_1'
[2026-09-19 17:02:37.4420017] File name collision, renamed to 'frame_NRM_DUPL_1'
[2026-09-19 17:02:37.4422459] File name collision, renamed to 'frame_ALB_DUPL_1'
[2026-09-19 17:02:37.4452309] File name collision, renamed to 'CarWash1_DUPL_1'
[2026-09-19 17:02:37.4463533] File name collision, renamed to 'CarWash0_DUPL_1'
[2026-09-19 17:02:37.4465324] File name collision, renamed to 'CarWash2_DUPL_1'
[2026-09-19 17:02:37.4468142] File name collision, renamed to 'T_Blank_DUPL_3'
[2026-09-19 17:02:37.4480747] File name collision, renamed to 'Warehouse_DUPL_2'
[2026-09-19 17:02:37.4487274] File name collision, renamed to 'TarmacRoof_01_N_DUPL_1'
[2026-09-19 17:02:37.4491383] File name collision, renamed to 'Foliage_DUPL_1'
[2026-09-19 17:02:37.4503807] File name collision, renamed to 'SM_RollerMachine_Wheel_B_01a_DUPL_1'
[2026-09-19 17:02:37.4505863] File name collision, renamed to 'SM_ConcreteMixer_01a_DUPL_1'
[2026-09-19 17:02:37.4508703] File name collision, renamed to 'TX_ConcreteMixer_01b_NRM_DUPL_1'
[2026-09-19 17:02:37.4511285] File name collision, renamed to 'TX_ConcreteMixer_01b_ALB_DUPL_1'
[2026-09-19 17:02:37.4513159] File name collision, renamed to 'TX_ConcreteMixer_01a_NRM_DUPL_1'
[2026-09-19 17:02:37.4515404] File name collision, renamed to 'TX_ConcreteMixer_01a_ALB_DUPL_1'
[2026-09-19 17:02:37.4519327] File name collision, renamed to 'TX_tarp_01_RMA_2_DUPL_1'
[2026-09-19 17:02:37.4521763] File name collision, renamed to 'TX_Tarp_01_NRM_DUPL_1'
[2026-09-19 17:02:37.4524324] File name collision, renamed to 'TX_Tarp_01_ALB_DUPL_1'
[2026-09-19 17:02:37.4534115] File name collision, renamed to 'Noise_Anisotropic2_height_DUPL_1'
[2026-09-19 17:02:37.4542658] File name collision, renamed to 'M_Emissive_DUPL_1'
[2026-09-19 17:02:37.4558799] File name collision, renamed to 'SM_Tarp_02_DUPL_1'
[2026-09-19 17:02:37.4564098] File name collision, renamed to 'TX_Portapotty_01_RMA_DUPL_1'
[2026-09-19 17:02:37.4566811] File name collision, renamed to 'TX_Portapotty_01_NRM_DUPL_1'
[2026-09-19 17:02:37.4570012] File name collision, renamed to 'TX_Portapotty_01_ALB_DUPL_1'
[2026-09-19 17:02:37.4577534] File name collision, renamed to 'F_LightFlicker_DUPL_1'
[2026-09-19 17:02:37.4584292] File name collision, renamed to 'MI_Signs_DUPL_2'
[2026-09-19 17:02:37.4587807] File name collision, renamed to 'rustymetal_01_NRM_DUPL_2'
[2026-09-19 17:02:37.4590815] File name collision, renamed to 'BP_BarbellForBench_DUPL_1'
[2026-09-19 17:02:37.4607068] File name collision, renamed to 'SM_Radio_01_DUPL_1'
[2026-09-19 17:02:37.4621708] File name collision, renamed to 'SM_propanetank_01_DUPL_1'
[2026-09-19 17:02:37.4627082] File name collision, renamed to 'SM_plate_01b_DUPL_1'
[2026-09-19 17:02:37.4630192] File name collision, renamed to 'SM_Cup_01a_DUPL_1'
[2026-09-19 17:02:37.4636632] File name collision, renamed to 'MI_PaintBucket_01_DUPL_1'
[2026-09-19 17:02:37.4640796] File name collision, renamed to 'TX_Propane_01_NRM_DUPL_1'
[2026-09-19 17:02:37.4642845] File name collision, renamed to 'TX_Propane_01_ALB_DUPL_1'
[2026-09-19 17:02:37.4644597] File name collision, renamed to 'TX_Fill_01_RMA_DUPL_2'
[2026-09-19 17:02:37.4647647] File name collision, renamed to 'TX_Fill_01_ALB_DUPL_2'
[2026-09-19 17:02:37.4649748] File name collision, renamed to 'TX_Fill_01_NRM_DUPL_2'
[2026-09-19 17:02:37.4653799] File name collision, renamed to 'Substance_graph_output_DUPL_2'
[2026-09-19 17:02:37.4660055] File name collision, renamed to 'Substance_graph_output_DUPL_3'
[2026-09-19 17:02:37.4664900] File name collision, renamed to 'TX_PaintBucket_NRM_DUPL_1'
[2026-09-19 17:02:37.4666761] File name collision, renamed to 'TX_PaintBucket_ALB_DUPL_1'
[2026-09-19 17:02:37.4680270] File name collision, renamed to 'MI_Projector_DUPL_1'
[2026-09-19 17:02:37.4683145] File name collision, renamed to 'T_Projector_RMA_DUPL_1'
[2026-09-19 17:02:37.4687205] File name collision, renamed to 'T_Projector_N_DUPL_1'
[2026-09-19 17:02:37.4689210] File name collision, renamed to 'T_Projector_BC_DUPL_1'
[2026-09-19 17:02:37.4692268] File name collision, renamed to 'T_PerforationMask_DUPL_1'
[2026-09-19 17:02:37.4695295] File name collision, renamed to 'T_Perforation_N_DUPL_1'
[2026-09-19 17:02:37.4697189] File name collision, renamed to 'T_Leather_01_R_DUPL_1'
[2026-09-19 17:02:37.4699374] File name collision, renamed to 'T_Leather_01_N_DUPL_1'
[2026-09-19 17:02:37.4701860] File name collision, renamed to 'T_Leather_01_AO_DUPL_1'
[2026-09-19 17:02:37.4705456] File name collision, renamed to 'M_Leather_DUPL_1'
[2026-09-19 17:02:37.4707177] File name collision, renamed to 'WorldAlignedTexture_Bumpoffset_DUPL_1'
[2026-09-19 17:02:37.4711547] File name collision, renamed to 'MM_MasterMaterial_01_DUPL_2'
[2026-09-19 17:02:37.4724860] File name collision, renamed to 'Food_4_DUPL_2'
[2026-09-19 17:02:37.4726935] File name collision, renamed to 'Food_3_DUPL_2'
[2026-09-19 17:02:37.4794317] File name collision, renamed to 'femaleHair_albedo_DUPL_1'
[2026-09-19 17:02:37.4808482] File name collision, renamed to 'T_Car_02_Interior_RMA_DUPL_1'
[2026-09-19 17:02:37.4812437] File name collision, renamed to 'T_Car_02_Interior_N_DUPL_1'
[2026-09-19 17:02:37.4817028] File name collision, renamed to 'T_Car_02_Interior_E_DUPL_1'
[2026-09-19 17:02:37.4821466] File name collision, renamed to 'T_Car_02_Interior_BC_DUPL_1'
[2026-09-19 17:02:37.4830979] File name collision, renamed to 'wheel_DUPL_2'
[2026-09-19 17:02:37.4887452] File name collision, renamed to 'GSS_VO_R_C2_010_DUPL_1'
[2026-09-19 17:02:37.4890856] File name collision, renamed to 'GSS_VO_R_C2_009_DUPL_1'
[2026-09-19 17:02:37.4892800] File name collision, renamed to 'GSS_VO_R_C2_008_DUPL_1'
[2026-09-19 17:02:37.4895895] File name collision, renamed to 'GSS_VO_R_C2_007_DUPL_1'
[2026-09-19 17:02:37.4899260] File name collision, renamed to 'GSS_VO_R_C2_006_DUPL_1'
[2026-09-19 17:02:37.4901567] File name collision, renamed to 'GSS_VO_R_C2_005_DUPL_1'
[2026-09-19 17:02:37.4903120] File name collision, renamed to 'GSS_VO_R_C2_004_DUPL_1'
[2026-09-19 17:02:37.4904622] File name collision, renamed to 'GSS_VO_R_C2_003_DUPL_1'
[2026-09-19 17:02:37.4908909] File name collision, renamed to 'GSS_VO_R_C2_002_DUPL_1'
[2026-09-19 17:02:37.4924144] File name collision, renamed to 'GSS_VO_R_C2_001_DUPL_1'
[2026-09-19 17:02:37.4926385] File name collision, renamed to 'GSS_VO_R_C1_024_DUPL_1'
[2026-09-19 17:02:37.4928300] File name collision, renamed to 'GSS_VO_R_C1_023_DUPL_1'
[2026-09-19 17:02:37.4931568] File name collision, renamed to 'GSS_VO_R_C1_022_DUPL_1'
[2026-09-19 17:02:37.4933446] File name collision, renamed to 'GSS_VO_R_C1_021_DUPL_1'
[2026-09-19 17:02:37.4935169] File name collision, renamed to 'GSS_VO_R_C1_020_DUPL_1'
[2026-09-19 17:02:37.4937095] File name collision, renamed to 'GSS_VO_R_C1_019_02_DUPL_1'
[2026-09-19 17:02:37.4939878] File name collision, renamed to 'GSS_VO_R_C1_018_DUPL_1'
[2026-09-19 17:02:37.4941904] File name collision, renamed to 'GSS_VO_R_C1_017_DUPL_1'
[2026-09-19 17:02:37.4943684] File name collision, renamed to 'GSS_VO_R_C1_016_DUPL_1'
[2026-09-19 17:02:37.4945942] File name collision, renamed to 'GSS_VO_R_C1_015_DUPL_1'
[2026-09-19 17:02:37.4947676] File name collision, renamed to 'GSS_VO_R_C1_014_DUPL_1'
[2026-09-19 17:02:37.4949857] File name collision, renamed to 'GSS_VO_R_C1_013_DUPL_1'
[2026-09-19 17:02:37.4951900] File name collision, renamed to 'GSS_VO_R_C1_012_DUPL_1'
[2026-09-19 17:02:37.4956102] File name collision, renamed to 'GSS_VO_R_C1_010_DUPL_1'
[2026-09-19 17:02:37.4959098] File name collision, renamed to 'GSS_VO_R_C1_008_DUPL_1'
[2026-09-19 17:02:37.4963047] File name collision, renamed to 'GSS_VO_R_C1_007_DUPL_1'
[2026-09-19 17:02:37.4965424] File name collision, renamed to 'GSS_VO_R_C1_006_DUPL_1'
[2026-09-19 17:02:37.4967203] File name collision, renamed to 'GSS_VO_R_C1_005_DUPL_1'
[2026-09-19 17:02:37.4969493] File name collision, renamed to 'GSS_VO_R_C1_004_DUPL_1'
[2026-09-19 17:02:37.4971610] File name collision, renamed to 'GSS_VO_R_C1_003_DUPL_1'
[2026-09-19 17:02:37.4983254] File name collision, renamed to 'MI_Substation_01_DUPL_1'
[2026-09-19 17:02:37.4985832] File name collision, renamed to 'T_substation_01_BaseColor_DUPL_1'
[2026-09-19 17:02:37.4987790] File name collision, renamed to 'T_substation_01_Normal_DUPL_1'
[2026-09-19 17:02:37.4990306] File name collision, renamed to 'T_substation_01_RMA_DUPL_1'
[2026-09-19 17:02:37.4992357] File name collision, renamed to 'BC_DUPL_3'
[2026-09-19 17:02:37.4994111] File name collision, renamed to 'NormalMap_DUPL_3'
[2026-09-19 17:02:37.4996276] File name collision, renamed to 'RMA_DUPL_4'
[2026-09-19 17:02:37.5006577] File name collision, renamed to 'Parking_2_DUPL_1'
[2026-09-19 17:02:37.5015240] File name collision, renamed to 'GasStation_Wall7_DUPL_1'
[2026-09-19 17:02:37.5025111] File name collision, renamed to 'Parking_1_DUPL_1'
[2026-09-19 17:02:37.5040419] File name collision, renamed to 'AutoCarWashSequence_DUPL_1'
[2026-09-19 17:02:37.5050962] File name collision, renamed to 'SM_Spool_01a_DUPL_2'
[2026-09-19 17:02:37.5054462] File name collision, renamed to 'TX_Spool_02a_RMA_DUPL_1'
[2026-09-19 17:02:37.5058041] File name collision, renamed to 'TX_Spool_02a_NRM_DUPL_1'
[2026-09-19 17:02:37.5062100] File name collision, renamed to 'TX_Spool_02a_ALB_DUPL_1'
[2026-09-19 17:02:37.5066361] File name collision, renamed to 'Parking_3_DUPL_1'
[2026-09-19 17:02:37.5096893] File name collision, renamed to 'TX_WheelBarrel_01_NRM_DUPL_1'
[2026-09-19 17:02:37.5099948] File name collision, renamed to 'TX_WheelBarrel_01_ALB_DUPL_1'
[2026-09-19 17:02:37.5107066] File name collision, renamed to 'Cylinder_DUPL_2'
[2026-09-19 17:02:37.5115584] File name collision, renamed to 't_default_normal_DUPL_2'
[2026-09-19 17:02:37.5140838] File name collision, renamed to 'RMA_DUPL_5'
[2026-09-19 17:02:37.5143681] File name collision, renamed to 'NormalMap_DUPL_4'
[2026-09-19 17:02:37.5145846] File name collision, renamed to 'Albedo_DUPL_4'
[2026-09-19 17:02:37.5149246] File name collision, renamed to 'MM_WreckCar_Inst_DUPL_1'
[2026-09-19 17:02:37.5153050] File name collision, renamed to 'M_smoke_subUV_DUPL_1'
[2026-09-19 17:02:37.5155056] File name collision, renamed to 'M_Radial_Gradient_DUPL_1'
[2026-09-19 17:02:37.5158277] File name collision, renamed to 'T_Smoke_Tiled_D_DUPL_1'
[2026-09-19 17:02:37.5160389] File name collision, renamed to 'T_Smoke_SubUV_DUPL_1'
[2026-09-19 17:02:37.5165706] File name collision, renamed to 'T_Blank_N_DUPL_4'
[2026-09-19 17:02:37.5168220] File name collision, renamed to 'T_Fire_Tiled_D_DUPL_1'
[2026-09-19 17:02:37.5181573] File name collision, renamed to 'T_transparent_glassdirty_Opacity_DUPL_1'
[2026-09-19 17:02:37.5202845] File name collision, renamed to 'SM_WheelBarrel_Wheel_01a_DUPL_1'
[2026-09-19 17:02:37.5204773] File name collision, renamed to 'SM_Wheel_DUPL_1'
[2026-09-19 17:02:37.5206706] File name collision, renamed to 'czesci_Wheel_DUPL_1'
[2026-09-19 17:02:37.5208824] File name collision, renamed to 'MI_Metal_Anodized_01_Dark_DUPL_1'
[2026-09-19 17:02:37.5210820] File name collision, renamed to 'painter_Body_RMA_DUPL_1'
[2026-09-19 17:02:37.5212754] File name collision, renamed to 'Painter_Body_Normal_DUPL_1'
[2026-09-19 17:02:37.5214696] File name collision, renamed to 'Painter_Body_BaseColor_DUPL_1'
[2026-09-19 17:02:37.5216199] File name collision, renamed to 'T_Tire_N_DUPL_1'
[2026-09-19 17:02:37.5217958] File name collision, renamed to 'T_Smoke_Tiled_D_DUPL_2'
[2026-09-19 17:02:37.5221492] File name collision, renamed to 'T_PlasticDirt_DUPL_1'
[2026-09-19 17:02:37.5238919] File name collision, renamed to 'M_Base_DUPL_1'
[2026-09-19 17:02:37.5241533] File name collision, renamed to 'MI_Metal_Anodized_01_Dark_DUPL_2'
[2026-09-19 17:02:37.5243515] File name collision, renamed to 'MI_Black_Plastic_DUPL_1'
[2026-09-19 17:02:37.5245540] File name collision, renamed to 'T_Tire2_n_DUPL_1'
[2026-09-19 17:02:37.5249130] File name collision, renamed to 'T_Tire2_h_DUPL_1'
[2026-09-19 17:02:37.5251437] File name collision, renamed to 'T_Smoke_Tiled_D_DUPL_3'
[2026-09-19 17:02:37.5255839] File name collision, renamed to 'T_Leather_01_R_DUPL_2'
[2026-09-19 17:02:37.5258547] File name collision, renamed to 'T_Leather_01_N_DUPL_2'
[2026-09-19 17:02:37.5261007] File name collision, renamed to 'T_TireRubber_R_DUPL_1'
[2026-09-19 17:02:37.5264011] File name collision, renamed to 'T_Tire_N_DUPL_2'
[2026-09-19 17:02:37.5267967] File name collision, renamed to 'PhMat_Wheel_DUPL_1'
[2026-09-19 17:02:37.5272240] File name collision, renamed to 'M_TireRubber_DUPL_1'
[2026-09-19 17:02:37.5274519] File name collision, renamed to 'T_RadialNoise_N_DUPL_1'
[2026-09-19 17:02:37.5277999] File name collision, renamed to 'T_RadialNoise_DUPL_1'
[2026-09-19 17:02:37.5279984] File name collision, renamed to 'T_DiscRotorCrack_N_DUPL_1'
[2026-09-19 17:02:37.5283345] File name collision, renamed to 'T_DiscRotorCrack_DUPL_1'
[2026-09-19 17:02:37.5286631] File name collision, renamed to 'M_BrakeRotor_Iron_DUPL_1'
[2026-09-19 17:02:37.5288452] File name collision, renamed to 'MF_BrakeRotor_Radial_Iron_DUPL_1'
[2026-09-19 17:02:37.5290416] File name collision, renamed to 'MatLayerBlend_Standard_BlendAngleCorrectedNormal_DUPL_1'
[2026-09-19 17:02:37.5292642] File name collision, renamed to 'MI_TireRubber_DUPL_1'
[2026-09-19 17:02:37.5294860] File name collision, renamed to 'MI_Metal_Anodized_01_Dark_DUPL_3'
[2026-09-19 17:02:37.5298492] File name collision, renamed to 'T_TireRubber_R_DUPL_2'
[2026-09-19 17:02:37.5301280] File name collision, renamed to 'T_Tire_N_DUPL_3'
[2026-09-19 17:02:37.5303413] File name collision, renamed to 'PhMat_Wheel_DUPL_2'
[2026-09-19 17:02:37.5305795] File name collision, renamed to 'M_TireRubber_DUPL_2'
[2026-09-19 17:02:37.5319869] File name collision, renamed to 'MI_Junkyard_Wheels_Damaged_MMProps_DUPL_1'
[2026-09-19 17:02:37.5324005] File name collision, renamed to 'T_MASK1_DUPL_2'
[2026-09-19 17:02:37.5329257] File name collision, renamed to 'MI_Neon_05_PT_DUPL_1'
[2026-09-19 17:02:37.5333929] File name collision, renamed to 'SM_ElectricBox_03_DUPL_1'
[2026-09-19 17:02:37.5345482] File name collision, renamed to 'T_Engine_RMA_DUPL_1'
[2026-09-19 17:02:37.5347931] File name collision, renamed to 'T_Engine_N_DUPL_1'
[2026-09-19 17:02:37.5349904] File name collision, renamed to 'T_Engine_BC_DUPL_1'
[2026-09-19 17:02:37.5356127] File name collision, renamed to 'T_Pump_Station_N_DUPL_1'
[2026-09-19 17:02:37.5361919] File name collision, renamed to 'MI_Antenna_DUPL_1'
[2026-09-19 17:02:37.5364063] File name collision, renamed to 'Caravan_01_aMI_Impostor_SM_ElectricalSupply_Switchboard06_01_DUPL_1'
[2026-09-19 17:02:37.5366617] File name collision, renamed to 'Caravan_01_aT_Impostor_SM_ElectricalSupply_Switchboard06_01_Normal_DUPL_1'
[2026-09-19 17:02:37.5369005] File name collision, renamed to 'Caravan_01_aT_Impostor_SM_ElectricalSupply_Switchboard06_01_BaseColor_DUPL_1'
[2026-09-19 17:02:37.5373127] File name collision, renamed to 'SM_PaintBucket_02_DUPL_1'
[2026-09-19 17:02:37.5392392] File name collision, renamed to 'SM_PaintBucket_01_DUPL_1'
[2026-09-19 17:02:37.5396935] File name collision, renamed to 'SM_ToolboxA_DUPL_1'
[2026-09-19 17:02:37.5399601] File name collision, renamed to 'SM_Middle_Chair_DUPL_1'
[2026-09-19 17:02:37.5402212] File name collision, renamed to 'SM_AirplaneProp_DUPL_1'
[2026-09-19 17:02:37.5404357] File name collision, renamed to 'SM_Ladder_01a_DUPL_1'
[2026-09-19 17:02:37.5406525] File name collision, renamed to 'SM_ElectricBox_03_DUPL_2'
[2026-09-19 17:02:37.5410375] File name collision, renamed to 'MI_TireRubber_DUPL_2'
[2026-09-19 17:02:37.5413199] File name collision, renamed to 'MI_mirror_DUPL_1'
[2026-09-19 17:02:37.5414971] File name collision, renamed to 'MI_Leather_07_Tan_Light_DUPL_1'
[2026-09-19 17:02:37.5417507] File name collision, renamed to 'MI_Leather_02_Black_Dark_DUPL_1'
[2026-09-19 17:02:37.5419576] File name collision, renamed to 'T_Blank_M_DUPL_2'
[2026-09-19 17:02:37.5421688] File name collision, renamed to 'M_custom_basic_DUPL_1'
[2026-09-19 17:02:37.5424352] File name collision, renamed to 'T_Cars_Panels_N_DUPL_1'
[2026-09-19 17:02:37.5426275] File name collision, renamed to 'T_Cars_Panels_em_DUPL_1'
[2026-09-19 17:02:37.5428490] File name collision, renamed to 'T_Cars_Panels_DUPL_1'
[2026-09-19 17:02:37.5431547] File name collision, renamed to 'M_emissive_DUPL_2'
[2026-09-19 17:02:37.5434039] File name collision, renamed to 'MI_Metal_Anodized_01_Bright_DUPL_1'
[2026-09-19 17:02:37.5436125] File name collision, renamed to 'MI_Leather_02_Grey_DUPL_1'
[2026-09-19 17:02:37.5438615] File name collision, renamed to 'MI_Icon_DUPL_1'
[2026-09-19 17:02:37.5440513] File name collision, renamed to 'MI_Car_Panels_DUPL_1'
[2026-09-19 17:02:37.5442315] File name collision, renamed to 'T_Logo_DigitalDive_DUPL_1'
[2026-09-19 17:02:37.5445583] File name collision, renamed to 'painter_Body_RoughnessMetallicOcclusion_DUPL_1'
[2026-09-19 17:02:37.5448273] File name collision, renamed to 'painter_Body_Normal_DUPL_2'
[2026-09-19 17:02:37.5449977] File name collision, renamed to 'painter_Body_BaseColor_DUPL_2'
[2026-09-19 17:02:37.5452286] File name collision, renamed to 'T_Cabriolet_DirtMask_DUPL_1'
[2026-09-19 17:02:37.5455225] File name collision, renamed to 'M_RoadDetails_DUPL_1'
[2026-09-19 17:02:37.5461759] File name collision, renamed to 'TX_Ladder_RMA_DUPL_1'
[2026-09-19 17:02:37.5464508] File name collision, renamed to 'TX_Ladder_NRM_DUPL_1'
[2026-09-19 17:02:37.5466039] File name collision, renamed to 'TX_Ladder_ALB_DUPL_1'
[2026-09-19 17:02:37.5468059] File name collision, renamed to 'MI_Barn_Walls_Wood_01_DUPL_1'
[2026-09-19 17:02:37.5471387] File name collision, renamed to 'M_Decal_DUPL_1'
[2026-09-19 17:02:37.5477588] File name collision, renamed to 'MI_shredder_DUPL_1'
[2026-09-19 17:02:37.5481380] File name collision, renamed to 'SM_Lantern_DUPL_2'
[2026-09-19 17:02:37.5501841] File name collision, renamed to 'Caravan_01_aMI_Impostor_SM_ElectricalSupply_Switchboard06_01_DUPL_2'
[2026-09-19 17:02:37.5507804] File name collision, renamed to 'Caravan_01_aT_Impostor_SM_ElectricalSupply_Switchboard06_01_Normal_DUPL_2'
[2026-09-19 17:02:37.5511775] File name collision, renamed to 'Caravan_01_aT_Impostor_SM_ElectricalSupply_Switchboard06_01_BaseColor_DUPL_2'
[2026-09-19 17:02:37.5516230] File name collision, renamed to 'T_antenna_pack_01_N_DUPL_1'
[2026-09-19 17:02:37.5520024] File name collision, renamed to 'T_antenna_pack_01_BC_DUPL_1'
[2026-09-19 17:02:37.5525558] File name collision, renamed to 'T_antenna_holder_01_N_DUPL_1'
[2026-09-19 17:02:37.5529511] File name collision, renamed to 'T_antenna_holder_01_BC_DUPL_1'
[2026-09-19 17:02:37.5542883] File name collision, renamed to 'MI_Compensator_DUPL_1'
[2026-09-19 17:02:37.5555496] File name collision, renamed to 'T_Compensator_RMA_DUPL_1'
[2026-09-19 17:02:37.5557580] File name collision, renamed to 'T_Compensator_N_DUPL_1'
[2026-09-19 17:02:37.5560682] File name collision, renamed to 'T_compensator_D_DUPL_1'
[2026-09-19 17:02:37.5565549] File name collision, renamed to 'Cap_6_DUPL_1'
[2026-09-19 17:02:37.5570250] File name collision, renamed to 'BC_DUPL_4'
[2026-09-19 17:02:37.5574254] File name collision, renamed to 'MM_RuinedMuscleCar_DUPL_5'
[2026-09-19 17:02:37.5579421] File name collision, renamed to 'M_Smoke_Puff_A_DUPL_1'
[2026-09-19 17:02:37.5590494] File name collision, renamed to 'RMA_DUPL_6'
[2026-09-19 17:02:37.5592428] File name collision, renamed to 'BC_DUPL_5'
[2026-09-19 17:02:37.5596078] File name collision, renamed to 'SM_Signs_UFO_27_DUPL_1'
[2026-09-19 17:02:37.5598917] File name collision, renamed to 'MI_Signs_UFO_MMProps_DUPL_1'
[2026-09-19 17:02:37.5600657] File name collision, renamed to 'T_UFO_Atlas_RMA_DUPL_1'
[2026-09-19 17:02:37.5603004] File name collision, renamed to 'T_UFO_Atlas_N_DUPL_1'
[2026-09-19 17:02:37.5604497] File name collision, renamed to 'T_UFO_Atlas_BC_DUPL_1'
[2026-09-19 17:02:37.5614415] File name collision, renamed to 'Brick_Wall_Painted_Inst_DUPL_1'
[2026-09-19 17:02:37.5616935] File name collision, renamed to 'RMA_DUPL_7'
[2026-09-19 17:02:37.5620511] File name collision, renamed to 'NormalMap_DUPL_5'
[2026-09-19 17:02:37.5623447] File name collision, renamed to 'BC_DUPL_6'
[2026-09-19 17:02:37.5630742] File name collision, renamed to 'CarCare_6_DUPL_1'
[2026-09-19 17:02:37.5633027] File name collision, renamed to 'CarCare_5_DUPL_1'
[2026-09-19 17:02:37.5634778] File name collision, renamed to 'CarCare_4_DUPL_1'
[2026-09-19 17:02:37.5639017] File name collision, renamed to 'CarCare_1_DUPL_1'
[2026-09-19 17:02:37.5641589] File name collision, renamed to 'MI_Substation_01_DUPL_2'
[2026-09-19 17:02:37.5647776] File name collision, renamed to 'SM_GrassDry_01_A_2_DUPL_1'
[2026-09-19 17:02:37.5650840] File name collision, renamed to 'T_Generic_Smoke_M_DUPL_1'
[2026-09-19 17:02:37.5660689] File name collision, renamed to 'T_A_BaseTexture_DUPL_2'
[2026-09-19 17:02:37.5666642] File name collision, renamed to 'M_A_BasePBR_DUPL_1'
[2026-09-19 17:02:37.5669503] File name collision, renamed to 'T_MetalPainted_N_DUPL_1'
[2026-09-19 17:02:37.5680421] File name collision, renamed to 'hud_notofication_fuel_icon_ui_brush_DUPL_1'
[2026-09-19 17:02:37.5710082] File name collision, renamed to 'blank_01_DUPL_1'
[2026-09-19 17:02:37.5717675] File name collision, renamed to 'M_Glass_DUPL_6'
[2026-09-19 17:02:37.5720878] File name collision, renamed to 'T_A_BaseTexture_DUPL_3'
[2026-09-19 17:02:37.5722734] File name collision, renamed to 'T_A_BaseNormal_DUPL_2'
[2026-09-19 17:02:37.5724981] File name collision, renamed to 'T_A_BaseMetallic_DUPL_2'
[2026-09-19 17:02:37.5727727] File name collision, renamed to 'M_A_BasePBREmissive_DUPL_1'
[2026-09-19 17:02:37.5729354] File name collision, renamed to 'T_MetalPainted_BC_DUPL_1'
[2026-09-19 17:02:37.5730885] File name collision, renamed to 'T_PerforationMask_DUPL_2'
[2026-09-19 17:02:37.5732545] File name collision, renamed to 'T_Perforation_N_DUPL_2'
[2026-09-19 17:02:37.5735397] File name collision, renamed to 'T_Leather_01_R_DUPL_3'
[2026-09-19 17:02:37.5737014] File name collision, renamed to 'T_Leather_01_N_DUPL_3'
[2026-09-19 17:02:37.5738624] File name collision, renamed to 'T_Leather_01_AO_DUPL_2'
[2026-09-19 17:02:37.5740806] File name collision, renamed to 'M_Leather_DUPL_2'
[2026-09-19 17:02:37.5764549] File name collision, renamed to 'T_Pickup_Lights_BC_DUPL_1'
[2026-09-19 17:02:37.5768431] File name collision, renamed to 'T_Pickup_Lights_N_DUPL_1'
[2026-09-19 17:02:37.5771661] File name collision, renamed to 'T_Pickup_Lights_RMA_DUPL_1'
[2026-09-19 17:02:37.5781334] File name collision, renamed to 'SM_Car_01_Trunk_DUPL_1'
[2026-09-19 17:02:37.5804237] File name collision, renamed to 'steal_DUPL_1'
[2026-09-19 17:02:37.5808767] File name collision, renamed to 'slider_handler_DUPL_1'
[2026-09-19 17:02:37.5812094] File name collision, renamed to 'smoke_DUPL_1'
[2026-09-19 17:02:37.5816766] File name collision, renamed to 'arrow_button_DUPL_1'
[2026-09-19 17:02:37.5829801] File name collision, renamed to 'M_Car_01_Glass_DUPL_1'
[2026-09-19 17:02:37.5880872] File name collision, renamed to 'walkie_talkie_radial_icon_DUPL_1'
[2026-09-19 17:02:37.5912171] File name collision, renamed to 'NS_CigSmoke_DUPL_1'
[2026-09-19 17:02:37.5917045] File name collision, renamed to 'SM_Cigaretts_01_Anim_DUPL_1'
[2026-09-19 17:02:37.5921137] File name collision, renamed to 'M_SmokeCig_DUPL_1'
[2026-09-19 17:02:37.5957820] File name collision, renamed to 'SM_trash_paper_wrapper_02_DUPL_1'
[2026-09-19 17:02:37.5964745] File name collision, renamed to 'Parking_4_DUPL_1'
[2026-09-19 17:02:37.5973570] Creating all files...
[2026-09-19 17:02:41.8537786] Unloading all forcefully loaded assets
[2026-09-19 17:02:41.8541936] SDK generated in 4.9167083 seconds.
[2026-09-19 17:02:41.8861291] Cleaning up old SDK files...
[2026-09-19 17:02:42.7088295] Generating SDK...
[2026-09-19 17:02:42.8320885] File name collision, renamed to 'Cylinder_DUPL_1'
[2026-09-19 17:02:42.8345177] File name collision, renamed to 'achievement_icon_ACH_FIFTIETH_DUPL_1'
[2026-09-19 17:02:42.8356394] File name collision, renamed to 'BaseNpc_PickingProductsUp_OnePick_02_DUPL_1'
[2026-09-19 17:02:42.8359097] File name collision, renamed to 'NPC_IDunno__DUPL_1'
[2026-09-19 17:02:42.8371719] File name collision, renamed to 'SM_Exo_CobWeb04_DUPL_1'
[2026-09-19 17:02:42.8386116] File name collision, renamed to 'Wheels_RMA_DUPL_1'
[2026-09-19 17:02:42.8390583] File name collision, renamed to 'Wheels_N_DUPL_1'
[2026-09-19 17:02:42.8394044] File name collision, renamed to 'Wheels_C_DUPL_1'
[2026-09-19 17:02:42.8407611] File name collision, renamed to 'OrangePeel_Nor_DUPL_1'
[2026-09-19 17:02:42.8439869] File name collision, renamed to 'stroke_white_ui_brush_DUPL_1'
[2026-09-19 17:02:42.8453570] File name collision, renamed to 'Male_NPC_Waiting_Head_Scratch2_DUPL_1'
[2026-09-19 17:02:42.8467743] File name collision, renamed to 'DefaultSpriteMaterial_DUPL_1'
[2026-09-19 17:02:42.8472133] File name collision, renamed to 'BlendMask_01_RGBAMask_DUPL_1'
[2026-09-19 17:02:42.8480827] File name collision, renamed to 'M_Tiles_DUPL_1'
[2026-09-19 17:02:42.8484509] File name collision, renamed to 'M_Snow_DUPL_1'
[2026-09-19 17:02:42.8493602] File name collision, renamed to 'T_Mask1_DUPL_1'
[2026-09-19 17:02:42.8513076] File name collision, renamed to '1_DUPL_1'
[2026-09-19 17:02:42.8516529] File name collision, renamed to '1_DUPL_2'
[2026-09-19 17:02:42.8519253] File name collision, renamed to 'WhiteSquareTexture_DUPL_1'
[2026-09-19 17:02:42.8529466] File name collision, renamed to 'Stars_DUPL_1'
[2026-09-19 17:02:42.8532714] File name collision, renamed to 'Cloud_Wisps_DUPL_1'
[2026-09-19 17:02:42.8536726] File name collision, renamed to 'Eyes_Grey_DUPL_1'
[2026-09-19 17:02:42.8541326] File name collision, renamed to 'star_ui_brush_DUPL_1'
[2026-09-19 17:02:42.8544332] File name collision, renamed to 'Decal_GSS_Logo_DUPL_1'
[2026-09-19 17:02:42.8553058] File name collision, renamed to 'White_N_DUPL_1'
[2026-09-19 17:02:42.8555255] File name collision, renamed to 'Grey_C_DUPL_1'
[2026-09-19 17:02:42.8558135] File name collision, renamed to 'Gray_mask_DUPL_1'
[2026-09-19 17:02:42.8560994] File name collision, renamed to 'OrangePeel_Nor_DUPL_2'
[2026-09-19 17:02:42.8562899] File name collision, renamed to 'BlendMask_01_RGBAMask_DUPL_2'
[2026-09-19 17:02:42.8565148] File name collision, renamed to 'BlendMask_01_RGBAMask_DUPL_3'
[2026-09-19 17:02:42.8568095] File name collision, renamed to 'flipbook_DUPL_1'
[2026-09-19 17:02:42.8571985] File name collision, renamed to 'FlipBook_DUPL_2'
[2026-09-19 17:02:42.8575850] File name collision, renamed to 'OrangePeel_Nor_DUPL_3'
[2026-09-19 17:02:42.8584805] File name collision, renamed to 'PlatformBG_MAT_DUPL_1'
[2026-09-19 17:02:42.8587101] File name collision, renamed to 'MF_UI_WeightedCorners_DUPL_1'
[2026-09-19 17:02:42.8589385] File name collision, renamed to 'MF_UI_SDF_Box_DUPL_1'
[2026-09-19 17:02:42.8591493] File name collision, renamed to 'MF_UI_AspectRatio_DUPL_1'
[2026-09-19 17:02:42.8596787] File name collision, renamed to 'cogency_skill_used_img_DUPL_1'
[2026-09-19 17:02:42.8609155] File name collision, renamed to 'F_NormalIntensity_DUPL_1'
[2026-09-19 17:02:42.8618465] File name collision, renamed to 'Plaster_01_RMA_DUPL_1'
[2026-09-19 17:02:42.8621113] File name collision, renamed to 'Dirt_RMA_DUPL_1'
[2026-09-19 17:02:42.8623194] File name collision, renamed to 'M_VertexAlphaHeightBlend_DUPL_1'
[2026-09-19 17:02:42.8625293] File name collision, renamed to 'F_Fade_DUPL_1'
[2026-09-19 17:02:42.8633053] File name collision, renamed to 'T_Plastic_N_DUPL_1'
[2026-09-19 17:02:42.8648307] File name collision, renamed to 'nice_reaction_ui_brush_DUPL_1'
[2026-09-19 17:02:42.8667291] File name collision, renamed to 'GlassMask_01_RGBA_DUPL_1'
[2026-09-19 17:02:42.8669944] File name collision, renamed to 'White_N_DUPL_2'
[2026-09-19 17:02:42.8671912] File name collision, renamed to 'Albedo_DUPL_1'
[2026-09-19 17:02:42.8674478] File name collision, renamed to 'HappyVolcanoMask_DUPL_1'
[2026-09-19 17:02:42.8681670] File name collision, renamed to 'AngryStompLeftLegs_00_DUPL_1'
[2026-09-19 17:02:42.8684190] File name collision, renamed to 'EmployeeBroom_DUPL_1'
[2026-09-19 17:02:42.8690766] File name collision, renamed to 'T_WheelHub_R_DUPL_1'
[2026-09-19 17:02:42.8693873] File name collision, renamed to 'M_Metal_DUPL_1'
[2026-09-19 17:02:42.8700083] File name collision, renamed to 'MI_Metal_Anodized_01_dirty_DUPL_1'
[2026-09-19 17:02:42.8708539] File name collision, renamed to 'MM_TilingBlend_DUPL_1'
[2026-09-19 17:02:42.8713018] File name collision, renamed to 'NormalIntensity_MF_DUPL_1'
[2026-09-19 17:02:42.8955415] File name collision, renamed to 'Sphere_DUPL_1'
[2026-09-19 17:02:42.8963922] File name collision, renamed to 'Mouth_RMA_DUPL_1'
[2026-09-19 17:02:42.8971719] File name collision, renamed to 'Mouth_N_DUPL_1'
[2026-09-19 17:02:42.8976895] File name collision, renamed to 'Mouth_A_DUPL_1'
[2026-09-19 17:02:42.8983578] File name collision, renamed to 'RMA_DUPL_1'
[2026-09-19 17:02:42.8988209] File name collision, renamed to 'Albedo_DUPL_2'
[2026-09-19 17:02:42.8995926] File name collision, renamed to 'T_RainDrops_N_DUPL_1'
[2026-09-19 17:02:42.9019885] File name collision, renamed to 'M_Impostor_SimpleOffset_DUPL_1'
[2026-09-19 17:02:42.9023982] File name collision, renamed to 'VirtualPlaneCoordinates_Imposter_DUPL_1'
[2026-09-19 17:02:42.9026874] File name collision, renamed to 'UnitVectorToHemiOctahedra_DUPL_1'
[2026-09-19 17:02:42.9030187] File name collision, renamed to 'TriangulatedWireframe_DUPL_1'
[2026-09-19 17:02:42.9032861] File name collision, renamed to 'TriangleInterpolator_DUPL_1'
[2026-09-19 17:02:42.9036325] File name collision, renamed to 'ImpostorInfo_DUPL_1'
[2026-09-19 17:02:42.9038799] File name collision, renamed to 'ImpostorGridToVector_DUPL_1'
[2026-09-19 17:02:42.9041353] File name collision, renamed to 'Impostor_ThreeFrameBlend_DUPL_1'
[2026-09-19 17:02:42.9043512] File name collision, renamed to 'ImposterSpriteProjection_DUPL_1'
[2026-09-19 17:02:42.9045394] File name collision, renamed to 'ImposterFrameTransform_Setup_DUPL_1'
[2026-09-19 17:02:42.9048189] File name collision, renamed to 'ImposterFrameTransform_DUPL_1'
[2026-09-19 17:02:42.9050609] File name collision, renamed to 'HemiOctahedronToUnitVector_DUPL_1'
[2026-09-19 17:02:42.9053157] File name collision, renamed to 'FrameBlendWeights_TextureObject_DUPL_1'
[2026-09-19 17:02:42.9056222] File name collision, renamed to 'FrameBlendWeights_DUPL_1'
[2026-09-19 17:02:42.9063502] File name collision, renamed to 'T_WheelHub_R_DUPL_2'
[2026-09-19 17:02:42.9065663] File name collision, renamed to 'M_Metal_DUPL_2'
[2026-09-19 17:02:42.9069230] File name collision, renamed to 'T_blank_N_DUPL_1'
[2026-09-19 17:02:42.9074470] File name collision, renamed to 'T_Water_N_DUPL_1'
[2026-09-19 17:02:42.9078255] File name collision, renamed to 'T_default_normal_DUPL_1'
[2026-09-19 17:02:42.9081004] File name collision, renamed to 'ObjectScale_DUPL_1'
[2026-09-19 17:02:42.9096328] File name collision, renamed to 'food_6_DUPL_1'
[2026-09-19 17:02:42.9098629] File name collision, renamed to 'food_5_DUPL_1'
[2026-09-19 17:02:42.9100681] File name collision, renamed to 'food_4_DUPL_1'
[2026-09-19 17:02:42.9102334] File name collision, renamed to 'food_3_DUPL_1'
[2026-09-19 17:02:42.9104530] File name collision, renamed to 'food_2_DUPL_1'
[2026-09-19 17:02:42.9108499] File name collision, renamed to 'food_1_DUPL_1'
[2026-09-19 17:02:42.9112804] File name collision, renamed to 'Dirt_RMA_DUPL_2'
[2026-09-19 17:02:42.9120775] File name collision, renamed to 'glasses_6_DUPL_1'
[2026-09-19 17:02:42.9137007] File name collision, renamed to 'glasses_5_DUPL_1'
[2026-09-19 17:02:42.9139647] File name collision, renamed to 'glasses_4_DUPL_1'
[2026-09-19 17:02:42.9142682] File name collision, renamed to 'glasses_3_DUPL_1'
[2026-09-19 17:02:42.9144578] File name collision, renamed to 'glasses_2_DUPL_1'
[2026-09-19 17:02:42.9146302] File name collision, renamed to 'glasses_1_DUPL_1'
[2026-09-19 17:02:42.9153790] File name collision, renamed to 'RMA_DUPL_2'
[2026-09-19 17:02:42.9156008] File name collision, renamed to 'NormalMap_DUPL_1'
[2026-09-19 17:02:42.9163678] File name collision, renamed to 'icecream_6_DUPL_1'
[2026-09-19 17:02:42.9165651] File name collision, renamed to 'icecream_5_DUPL_1'
[2026-09-19 17:02:42.9167367] File name collision, renamed to 'icecream_4_DUPL_1'
[2026-09-19 17:02:42.9169971] File name collision, renamed to 'icecream_3_DUPL_1'
[2026-09-19 17:02:42.9172297] File name collision, renamed to 'icecream_2_DUPL_1'
[2026-09-19 17:02:42.9175324] File name collision, renamed to 'icecream_1_DUPL_1'
[2026-09-19 17:02:42.9178523] File name collision, renamed to 'newspaper_6_DUPL_1'
[2026-09-19 17:02:42.9180064] File name collision, renamed to 'newspaper_5_DUPL_1'
[2026-09-19 17:02:42.9182392] File name collision, renamed to 'newspaper_4_DUPL_1'
[2026-09-19 17:02:42.9185434] File name collision, renamed to 'newspaper_3_DUPL_1'
[2026-09-19 17:02:42.9187763] File name collision, renamed to 'newspaper_2_DUPL_1'
[2026-09-19 17:02:42.9190187] File name collision, renamed to 'newspaper_1_DUPL_1'
[2026-09-19 17:02:42.9199833] File name collision, renamed to 'softdrink_6_DUPL_1'
[2026-09-19 17:02:42.9203053] File name collision, renamed to 'softdrink_5_DUPL_1'
[2026-09-19 17:02:42.9206103] File name collision, renamed to 'softdrink_4_DUPL_1'
[2026-09-19 17:02:42.9209296] File name collision, renamed to 'softdrink_3_DUPL_1'
[2026-09-19 17:02:42.9213060] File name collision, renamed to 'softdrink_2_DUPL_1'
[2026-09-19 17:02:42.9216333] File name collision, renamed to 'softdrink_1_DUPL_1'
[2026-09-19 17:02:42.9218985] File name collision, renamed to 'M_Glass_DUPL_1'
[2026-09-19 17:02:42.9224002] File name collision, renamed to 'MI_Glass_DUPL_1'
[2026-09-19 17:02:42.9226521] File name collision, renamed to 'M_Glass_DUPL_2'
[2026-09-19 17:02:42.9233154] File name collision, renamed to 'softtoy_4_DUPL_1'
[2026-09-19 17:02:42.9239542] File name collision, renamed to 'softtoy_3_DUPL_1'
[2026-09-19 17:02:42.9243193] File name collision, renamed to 'softtoy_2_DUPL_1'
[2026-09-19 17:02:42.9245892] File name collision, renamed to 'softtoy_1_DUPL_1'
[2026-09-19 17:02:42.9254440] File name collision, renamed to 'Toy_6_DUPL_1'
[2026-09-19 17:02:42.9258247] File name collision, renamed to 'toy_8_DUPL_1'
[2026-09-19 17:02:42.9262345] File name collision, renamed to 'toy_7_DUPL_1'
[2026-09-19 17:02:42.9265792] File name collision, renamed to 'toy_5_DUPL_1'
[2026-09-19 17:02:42.9269765] File name collision, renamed to 'toy_4_DUPL_1'
[2026-09-19 17:02:42.9276232] File name collision, renamed to 'toy_3_DUPL_1'
[2026-09-19 17:02:42.9297232] File name collision, renamed to 'toy_2_DUPL_1'
[2026-09-19 17:02:42.9301583] File name collision, renamed to 'toy_1_DUPL_1'
[2026-09-19 17:02:42.9306310] File name collision, renamed to 'SM_ball_DUPL_1'
[2026-09-19 17:02:42.9331807] File name collision, renamed to 'ma_HipHopDance_WavesHandDown_anim_DUPL_1'
[2026-09-19 17:02:42.9335382] File name collision, renamed to 'ma_HipHopDancing_WaveHandsUp_anim_DUPL_1'
[2026-09-19 17:02:42.9337590] File name collision, renamed to 'ma_TutHipHopDance_anim_DUPL_1'
[2026-09-19 17:02:42.9340035] File name collision, renamed to 'ma_SillyDance_anim_DUPL_1'
[2026-09-19 17:02:42.9343147] File name collision, renamed to 'ma_HouseDancing_PsyTrance_anim_DUPL_1'
[2026-09-19 17:02:42.9345996] File name collision, renamed to 'ma_HouseDancing_Soft_anim_DUPL_1'
[2026-09-19 17:02:42.9349141] File name collision, renamed to 'ma_BreakdanceUprock_anim_DUPL_1'
[2026-09-19 17:02:42.9350918] File name collision, renamed to 'ma_BreakdanceFreezes_anim_DUPL_1'
[2026-09-19 17:02:42.9370029] File name collision, renamed to 'ma_DancePeople_Walk_01_anim_DUPL_1'
[2026-09-19 17:02:42.9372880] File name collision, renamed to 'ma_DancePeople_Idle_01_anim_DUPL_1'
[2026-09-19 17:02:42.9375666] File name collision, renamed to 'Base_Idle_Male_00_DUPL_1'
[2026-09-19 17:02:42.9377978] File name collision, renamed to 'ShoulderRub_DUPL_1'
[2026-09-19 17:02:42.9380992] File name collision, renamed to 'NeckStretchIdle_DUPL_1'
[2026-09-19 17:02:42.9382907] File name collision, renamed to 'Idle_01_LookAround_DUPL_1'
[2026-09-19 17:02:42.9385607] File name collision, renamed to 'CheckingYourself_DUPL_1'
[2026-09-19 17:02:42.9389286] File name collision, renamed to 'Npc_Scared_Run_IP_DUPL_1'
[2026-09-19 17:02:42.9392073] File name collision, renamed to 'NPC_Scared_Idle_DUPL_1'
[2026-09-19 17:02:42.9408766] File name collision, renamed to 'Npc_Scared_Run_IP_DUPL_2'
[2026-09-19 17:02:42.9411268] File name collision, renamed to 'NPC_Scared_Idle_DUPL_2'
[2026-09-19 17:02:42.9583508] File name collision, renamed to 'FE_VO_AM_F_55_Montage_DUPL_1'
[2026-09-19 17:02:42.9587149] File name collision, renamed to 'FE_VO_AM_F_54_Montage_DUPL_1'
[2026-09-19 17:02:42.9592174] File name collision, renamed to 'FE_VO_AM_F_53_Montage_DUPL_1'
[2026-09-19 17:02:42.9599706] File name collision, renamed to 'FE_VO_AM_F_52_Montage_DUPL_1'
[2026-09-19 17:02:42.9602065] File name collision, renamed to 'FE_VO_AM_F_51_Montage_DUPL_1'
[2026-09-19 17:02:42.9604217] File name collision, renamed to 'FE_VO_AM_F_49_Montage_DUPL_1'
[2026-09-19 17:02:42.9606148] File name collision, renamed to 'FE_VO_AM_F_48_Montage_DUPL_1'
[2026-09-19 17:02:42.9607978] File name collision, renamed to 'FE_VO_AM_F_47_Montage_DUPL_1'
[2026-09-19 17:02:42.9610792] File name collision, renamed to 'FE_VO_AM_F_46_Montage_DUPL_1'
[2026-09-19 17:02:42.9613693] File name collision, renamed to 'FE_VO_AM_F_45_Montage_DUPL_1'
[2026-09-19 17:02:42.9616122] File name collision, renamed to 'FE_VO_AM_F_44_Montage_DUPL_1'
[2026-09-19 17:02:42.9618969] File name collision, renamed to 'FE_VO_AM_F_43_Montage_DUPL_1'
[2026-09-19 17:02:42.9620904] File name collision, renamed to 'FE_VO_AM_F_42_Montage_DUPL_1'
[2026-09-19 17:02:42.9623255] File name collision, renamed to 'FE_VO_AM_F_41_Montage_DUPL_1'
[2026-09-19 17:02:42.9625414] File name collision, renamed to 'FE_VO_AM_F_40_Montage_DUPL_1'
[2026-09-19 17:02:42.9627746] File name collision, renamed to 'FE_VO_AM_F_39_Montage_DUPL_1'
[2026-09-19 17:02:42.9630324] File name collision, renamed to 'FE_VO_AM_F_38_Montage_DUPL_1'
[2026-09-19 17:02:42.9632175] File name collision, renamed to 'FE_VO_AM_F_37_Montage_DUPL_1'
[2026-09-19 17:02:42.9634212] File name collision, renamed to 'FE_VO_AM_F_36_Montage_DUPL_1'
[2026-09-19 17:02:42.9636973] File name collision, renamed to 'FE_VO_AM_F_35_Montage_DUPL_1'
[2026-09-19 17:02:42.9639564] File name collision, renamed to 'FE_VO_AM_F_28_Montage_DUPL_1'
[2026-09-19 17:02:42.9641488] File name collision, renamed to 'FE_VO_AM_F_27_Montage_DUPL_1'
[2026-09-19 17:02:42.9643686] File name collision, renamed to 'FE_VO_AM_F_25_Montage_DUPL_1'
[2026-09-19 17:02:42.9646069] File name collision, renamed to 'FE_VO_AM_F_24_Montage_DUPL_1'
[2026-09-19 17:02:42.9648493] File name collision, renamed to 'FE_VO_AM_F_23_Montage_DUPL_1'
[2026-09-19 17:02:42.9650520] File name collision, renamed to 'FE_VO_AM_F_22_Montage_DUPL_1'
[2026-09-19 17:02:42.9652289] File name collision, renamed to 'FE_VO_AM_F_21_Montage_DUPL_1'
[2026-09-19 17:02:42.9654479] File name collision, renamed to 'FE_VO_AM_F_20_Montage_DUPL_1'
[2026-09-19 17:02:42.9656854] File name collision, renamed to 'FE_VO_AM_F_13_Montage_DUPL_1'
[2026-09-19 17:02:42.9659405] File name collision, renamed to 'FE_VO_AM_F_12_Montage_DUPL_1'
[2026-09-19 17:02:42.9662151] File name collision, renamed to 'FE_VO_AM_F_11_Montage_DUPL_1'
[2026-09-19 17:02:42.9665544] File name collision, renamed to 'FE_VO_AM_F_10_Montage_DUPL_1'
[2026-09-19 17:02:42.9667445] File name collision, renamed to 'FE_VO_AM_F_09_Montage_DUPL_1'
[2026-09-19 17:02:42.9669683] File name collision, renamed to 'FE_VO_AM_F_08_Montage_DUPL_1'
[2026-09-19 17:02:42.9671630] File name collision, renamed to 'FE_VO_AM_F_07_Montage_DUPL_1'
[2026-09-19 17:02:42.9674422] File name collision, renamed to 'FE_VO_AM_F_06_Montage_DUPL_1'
[2026-09-19 17:02:42.9677348] File name collision, renamed to 'FE_VO_AM_F_05_Montage_DUPL_1'
[2026-09-19 17:02:42.9679514] File name collision, renamed to 'FE_VO_AM_F_04_Montage_DUPL_1'
[2026-09-19 17:02:42.9681355] File name collision, renamed to 'FE_VO_AM_F_03_Montage_DUPL_1'
[2026-09-19 17:02:42.9683846] File name collision, renamed to 'FE_VO_AM_F_02_Montage_DUPL_1'
[2026-09-19 17:02:42.9685978] File name collision, renamed to 'FE_VO_AM_F_01_Montage_DUPL_1'
[2026-09-19 17:02:42.9687785] File name collision, renamed to 'FE_VO_AM_F_55_DUPL_1'
[2026-09-19 17:02:42.9689761] File name collision, renamed to 'FE_VO_AM_F_54_DUPL_1'
[2026-09-19 17:02:42.9691960] File name collision, renamed to 'FE_VO_AM_F_53_DUPL_1'
[2026-09-19 17:02:42.9694070] File name collision, renamed to 'FE_VO_AM_F_52_DUPL_1'
[2026-09-19 17:02:42.9695821] File name collision, renamed to 'FE_VO_AM_F_51_DUPL_1'
[2026-09-19 17:02:42.9698109] File name collision, renamed to 'FE_VO_AM_F_49_DUPL_1'
[2026-09-19 17:02:42.9700323] File name collision, renamed to 'FE_VO_AM_F_48_DUPL_1'
[2026-09-19 17:02:42.9702002] File name collision, renamed to 'FE_VO_AM_F_47_DUPL_1'
[2026-09-19 17:02:42.9704051] File name collision, renamed to 'FE_VO_AM_F_46_DUPL_1'
[2026-09-19 17:02:42.9706751] File name collision, renamed to 'FE_VO_AM_F_45_DUPL_1'
[2026-09-19 17:02:42.9708519] File name collision, renamed to 'FE_VO_AM_F_44_DUPL_1'
[2026-09-19 17:02:42.9710396] File name collision, renamed to 'FE_VO_AM_F_43_DUPL_1'
[2026-09-19 17:02:42.9713650] File name collision, renamed to 'FE_VO_AM_F_42_DUPL_1'
[2026-09-19 17:02:42.9716372] File name collision, renamed to 'FE_VO_AM_F_41_DUPL_1'
[2026-09-19 17:02:42.9719128] File name collision, renamed to 'FE_VO_AM_F_40_DUPL_1'
[2026-09-19 17:02:42.9720975] File name collision, renamed to 'FE_VO_AM_F_39_DUPL_1'
[2026-09-19 17:02:42.9723025] File name collision, renamed to 'FE_VO_AM_F_38_DUPL_1'
[2026-09-19 17:02:42.9726273] File name collision, renamed to 'FE_VO_AM_F_37_DUPL_1'
[2026-09-19 17:02:42.9728187] File name collision, renamed to 'FE_VO_AM_F_36_DUPL_1'
[2026-09-19 17:02:42.9731191] File name collision, renamed to 'FE_VO_AM_F_35_DUPL_1'
[2026-09-19 17:02:42.9733854] File name collision, renamed to 'FE_VO_AM_F_28_DUPL_1'
[2026-09-19 17:02:42.9737759] File name collision, renamed to 'FE_VO_AM_F_27_DUPL_1'
[2026-09-19 17:02:42.9740125] File name collision, renamed to 'FE_VO_AM_F_25_DUPL_1'
[2026-09-19 17:02:42.9742253] File name collision, renamed to 'FE_VO_AM_F_24_DUPL_1'
[2026-09-19 17:02:42.9744488] File name collision, renamed to 'FE_VO_AM_F_23_DUPL_1'
[2026-09-19 17:02:42.9768777] File name collision, renamed to 'FE_VO_AM_F_22_DUPL_1'
[2026-09-19 17:02:42.9773056] File name collision, renamed to 'FE_VO_AM_F_21_DUPL_1'
[2026-09-19 17:02:42.9775792] File name collision, renamed to 'FE_VO_AM_F_20_DUPL_1'
[2026-09-19 17:02:42.9778845] File name collision, renamed to 'FE_VO_AM_F_13_DUPL_1'
[2026-09-19 17:02:42.9781638] File name collision, renamed to 'FE_VO_AM_F_12_DUPL_1'
[2026-09-19 17:02:42.9783657] File name collision, renamed to 'FE_VO_AM_F_11_DUPL_1'
[2026-09-19 17:02:42.9786394] File name collision, renamed to 'FE_VO_AM_F_10_DUPL_1'
[2026-09-19 17:02:42.9789303] File name collision, renamed to 'FE_VO_AM_F_09_DUPL_1'
[2026-09-19 17:02:42.9792194] File name collision, renamed to 'FE_VO_AM_F_08_DUPL_1'
[2026-09-19 17:02:42.9795730] File name collision, renamed to 'FE_VO_AM_F_07_DUPL_1'
[2026-09-19 17:02:42.9798075] File name collision, renamed to 'FE_VO_AM_F_06_DUPL_1'
[2026-09-19 17:02:42.9800576] File name collision, renamed to 'FE_VO_AM_F_05_DUPL_1'
[2026-09-19 17:02:42.9802733] File name collision, renamed to 'FE_VO_AM_F_04_DUPL_1'
[2026-09-19 17:02:42.9805010] File name collision, renamed to 'FE_VO_AM_F_03_DUPL_1'
[2026-09-19 17:02:42.9807687] File name collision, renamed to 'FE_VO_AM_F_02_DUPL_1'
[2026-09-19 17:02:42.9811498] File name collision, renamed to 'FE_VO_AM_F_01_DUPL_1'
[2026-09-19 17:02:42.9869780] File name collision, renamed to 'Master_DUPL_1'
[2026-09-19 17:02:42.9893889] File name collision, renamed to 'F_Fade_DUPL_2'
[2026-09-19 17:02:42.9896157] File name collision, renamed to 'F_NormalIntensity_DUPL_2'
[2026-09-19 17:02:42.9909711] File name collision, renamed to 'M_VertexAlphaHeightBlend_DUPL_2'
[2026-09-19 17:02:42.9917031] File name collision, renamed to 'Dirt_C_DUPL_1'
[2026-09-19 17:02:42.9921603] File name collision, renamed to 'Plaster_01_RMA_DUPL_2'
[2026-09-19 17:02:42.9923502] File name collision, renamed to 'Grey_C_DUPL_2'
[2026-09-19 17:02:42.9926418] File name collision, renamed to 'White_N_DUPL_3'
[2026-09-19 17:02:42.9929395] File name collision, renamed to 'AO_Control_DUPL_1'
[2026-09-19 17:02:42.9933276] File name collision, renamed to 'F_Fade_DUPL_3'
[2026-09-19 17:02:42.9935631] File name collision, renamed to 'F_NormalIntensity_DUPL_3'
[2026-09-19 17:02:42.9939003] File name collision, renamed to 'GrassDry_01_CA_DUPL_1'
[2026-09-19 17:02:42.9941585] File name collision, renamed to 'GrassDry_01_N_DUPL_1'
[2026-09-19 17:02:42.9953572] File name collision, renamed to 'SM_SaguaroCactus_01_C_DUPL_1'
[2026-09-19 17:02:42.9968448] File name collision, renamed to 'SM_SaguaroCactus_01_B_DUPL_1'
[2026-09-19 17:02:42.9974624] File name collision, renamed to 'SM_OpuntiaCactus_01_A_DUPL_1'
[2026-09-19 17:02:42.9978293] File name collision, renamed to 'SM_Lantern_DUPL_1'
[2026-09-19 17:02:42.9984205] File name collision, renamed to 'ToiletPaper01_a_DUPL_1'
[2026-09-19 17:02:42.9987808] File name collision, renamed to 'TX_Dirt_01_ALB_DUPL_1'
[2026-09-19 17:02:42.9990237] File name collision, renamed to 'MI_ToiletPaper_MMProps_DUPL_1'
[2026-09-19 17:02:43.0002654] File name collision, renamed to 'GrassDry_01_CA_DUPL_2'
[2026-09-19 17:02:43.0006620] File name collision, renamed to 'GrassDry_01_N_DUPL_2'
[2026-09-19 17:02:43.0014556] File name collision, renamed to 'T_blank_N_DUPL_2'
[2026-09-19 17:02:43.0024193] File name collision, renamed to 'M_CraneBlink_LF_DUPL_1'
[2026-09-19 17:02:43.0030180] File name collision, renamed to 'T_Water_N_DUPL_2'
[2026-09-19 17:02:43.0056913] File name collision, renamed to 'BrushTx2_DUPL_1'
[2026-09-19 17:02:43.0073675] File name collision, renamed to 'M_CarPaint_DUPL_1'
[2026-09-19 17:02:43.0095503] File name collision, renamed to 'arrow_DUPL_1'
[2026-09-19 17:02:43.0126476] File name collision, renamed to 'engine_DUPL_1'
[2026-09-19 17:02:43.0144267] File name collision, renamed to 'SM_DJKboard_Standdd_Tripod_MI_Tripod_001_BaseColor_1001_DUPL_1'
[2026-09-19 17:02:43.0147323] File name collision, renamed to 'SM_DJKboard_Standdd_Tripod_MI_Tripod_001_Normal_1001_DUPL_1'
[2026-09-19 17:02:43.0150030] File name collision, renamed to 'SM_DJKboard_Standdd_Tripod_MI_Tripod_001_RMA_DUPL_1'
[2026-09-19 17:02:43.0153198] File name collision, renamed to 'SM_DJControlHolder01_MI_DJControl_Holder_003_BaseColor_1001_DUPL_1'
[2026-09-19 17:02:43.0155591] File name collision, renamed to 'SM_DJControlHolder01_MI_DJControl_Holder_003_Normal_1001_DUPL_1'
[2026-09-19 17:02:43.0157968] File name collision, renamed to 'SM_DJControlHolder01_MI_DJControl_Holder_003_RMA_DUPL_1'
[2026-09-19 17:02:43.0165644] File name collision, renamed to 'MI_Huts_MMProps_DUPL_1'
[2026-09-19 17:02:43.0171941] File name collision, renamed to 'MI_Cutouts_DUPL_1'
[2026-09-19 17:02:43.0179929] File name collision, renamed to 'SM_CreosoteBush_01_A_FoliageType_DUPL_1'
[2026-09-19 17:02:43.0182431] File name collision, renamed to 'SM_OcotilloCactus_01_A_FoliageType_DUPL_1'
[2026-09-19 17:02:43.0185267] File name collision, renamed to 'SM_Shrub_01_B_DUPL_1'
[2026-09-19 17:02:43.0188035] File name collision, renamed to 'Shrub_01_CA_DUPL_1'
[2026-09-19 17:02:43.0192283] File name collision, renamed to 'Shrub_01_N_DUPL_1'
[2026-09-19 17:02:43.0194836] File name collision, renamed to 'SM_OcotilloCactus_01_A_DUPL_1'
[2026-09-19 17:02:43.0197637] File name collision, renamed to 'OcotilloCactus_01_N_DUPL_1'
[2026-09-19 17:02:43.0200713] File name collision, renamed to 'SM_GrassDry_01_A_DUPL_1'
[2026-09-19 17:02:43.0210682] File name collision, renamed to 'M_Glass_DUPL_3'
[2026-09-19 17:02:43.0224948] File name collision, renamed to 'Clouds_DUPL_1'
[2026-09-19 17:02:43.0239213] File name collision, renamed to 'Noise_fibers_DUPL_1'
[2026-09-19 17:02:43.0241692] File name collision, renamed to 'blink_crv_DUPL_1'
[2026-09-19 17:02:43.0247881] File name collision, renamed to 'MI_Metal_Anodized_01_dirty_DUPL_2'
[2026-09-19 17:02:43.0261982] File name collision, renamed to 'SM_Neon_C_DUPL_1'
[2026-09-19 17:02:43.0265514] File name collision, renamed to 'SM_Neon_R_DUPL_1'
[2026-09-19 17:02:43.0268869] File name collision, renamed to 'SM_Neon_S_DUPL_1'
[2026-09-19 17:02:43.0271474] File name collision, renamed to 'SM_Neon_T_DUPL_1'
[2026-09-19 17:02:43.0276028] File name collision, renamed to 'SM_Neon_U_DUPL_1'
[2026-09-19 17:02:43.0286130] File name collision, renamed to 'TX_plywood_01_NRM_DUPL_1'
[2026-09-19 17:02:43.0289383] File name collision, renamed to 'TX_plywood_01_RMA_2_DUPL_1'
[2026-09-19 17:02:43.0293496] File name collision, renamed to 'M_Metal_DUPL_3'
[2026-09-19 17:02:43.0296972] File name collision, renamed to 'M_Glass_DUPL_4'
[2026-09-19 17:02:43.0299894] File name collision, renamed to 'MI_glass_DUPL_2'
[2026-09-19 17:02:43.0302999] File name collision, renamed to 'MI_Metal_Anodized_01_dirty_PT_DUPL_1'
[2026-09-19 17:02:43.0306859] File name collision, renamed to 'BC_DUPL_1'
[2026-09-19 17:02:43.0309690] File name collision, renamed to 'Black_DUPL_1'
[2026-09-19 17:02:43.0315717] File name collision, renamed to 'BC_DUPL_2'
[2026-09-19 17:02:43.0327104] File name collision, renamed to 'SM_Tire_01_DUPL_1'
[2026-09-19 17:02:43.0338642] File name collision, renamed to 'SM_Neon_H_DUPL_1'
[2026-09-19 17:02:43.0345783] File name collision, renamed to 'SM_Neon_A_DUPL_1'
[2026-09-19 17:02:43.0352087] File name collision, renamed to 'M_Glass_DUPL_5'
[2026-09-19 17:02:43.0362487] File name collision, renamed to 'T_Wheels_Damaged_RMA_DUPL_1'
[2026-09-19 17:02:43.0397933] File name collision, renamed to 'SM_SaguaroCactus_01_A_DUPL_1'
[2026-09-19 17:02:43.0409964] File name collision, renamed to 'MI_Huts_MMProps_DUPL_2'
[2026-09-19 17:02:43.0413106] File name collision, renamed to 'SM_LP_Damaged_Old_Car_02_DUPL_1'
[2026-09-19 17:02:43.0417093] File name collision, renamed to 'SM_Spool_01a_DUPL_1'
[2026-09-19 17:02:43.0420211] File name collision, renamed to 'MI_Spool_01a_DUPL_1'
[2026-09-19 17:02:43.0440657] File name collision, renamed to 'Sheds_Atlas_A_DUPL_1'
[2026-09-19 17:02:43.0444177] File name collision, renamed to 'Sheds_Atlas_N_DUPL_1'
[2026-09-19 17:02:43.0447378] File name collision, renamed to 'Sheds_Atlas_RMA_DUPL_1'
[2026-09-19 17:02:43.0451385] File name collision, renamed to 'M_Decal_DD_DUPL_1'
[2026-09-19 17:02:43.0454508] File name collision, renamed to 'T_dd_DUPL_1'
[2026-09-19 17:02:43.0463985] File name collision, renamed to 'Noise_01_RGB_DUPL_1'
[2026-09-19 17:02:43.0486099] File name collision, renamed to 'snap_anim_ui_brush_DUPL_1'
[2026-09-19 17:02:43.0497187] File name collision, renamed to 'MM_RuinedMuscleCar_Inst_2_DUPL_1'
[2026-09-19 17:02:43.0501640] File name collision, renamed to 'MM_RuinedMuscleCar_DUPL_1'
[2026-09-19 17:02:43.0536784] File name collision, renamed to 'Photo_flowersTidal_DUPL_1'
[2026-09-19 17:02:43.0542235] File name collision, renamed to 'UI_Sprite_Inst_DUPL_1'
[2026-09-19 17:02:43.0546556] File name collision, renamed to 'UI_Sprite_DUPL_1'
[2026-09-19 17:02:43.0571483] File name collision, renamed to 'HOME_DUPL_1'
[2026-09-19 17:02:43.0583821] File name collision, renamed to 'SM_Open_Sign_Big_DUPL_1'
[2026-09-19 17:02:43.0596466] File name collision, renamed to 'Plaster_01_C_DUPL_1'
[2026-09-19 17:02:43.0600541] File name collision, renamed to 'Plaster_01_N_DUPL_1'
[2026-09-19 17:02:43.0604131] File name collision, renamed to 'Plaster_01_RMA_DUPL_3'
[2026-09-19 17:02:43.0608891] File name collision, renamed to 'Wood_PhysMat_DUPL_1'
[2026-09-19 17:02:43.0613426] File name collision, renamed to 'star_icon_DUPL_1'
[2026-09-19 17:02:43.0617364] File name collision, renamed to 'eventIcon_DUPL_1'
[2026-09-19 17:02:43.0621287] File name collision, renamed to 'UpcomingEventIcon_DUPL_1'
[2026-09-19 17:02:43.0623967] File name collision, renamed to 'Orange_Gradient_DUPL_1'
[2026-09-19 17:02:43.0630336] File name collision, renamed to 'Orange_Gradient_Hover_Inst_DUPL_1'
[2026-09-19 17:02:43.0633463] File name collision, renamed to 'TrafficIcon_DUPL_1'
[2026-09-19 17:02:43.0645113] File name collision, renamed to 'lady_ui_brush_DUPL_1'
[2026-09-19 17:02:43.0649368] File name collision, renamed to '1_DUPL_3'
[2026-09-19 17:02:43.0684845] File name collision, renamed to 'CreosoteBush_01_CA_DUPL_1'
[2026-09-19 17:02:43.0692659] File name collision, renamed to 'CreosoteBush_01_N_DUPL_1'
[2026-09-19 17:02:43.0694993] File name collision, renamed to 'SaguaroCactusNeedles_01_C_DUPL_1'
[2026-09-19 17:02:43.0697820] File name collision, renamed to 'SaguaroCactusNeedles_01_N_DUPL_1'
[2026-09-19 17:02:43.0699925] File name collision, renamed to 'M_CreosoteBush_01_DUPL_1'
[2026-09-19 17:02:43.0701776] File name collision, renamed to 'SaguaroCactus_01_C_DUPL_1'
[2026-09-19 17:02:43.0704319] File name collision, renamed to 'SaguaroCactus_01_N_DUPL_1'
[2026-09-19 17:02:43.0708251] File name collision, renamed to 'SM_CreosoteBush_01_A_DUPL_1'
[2026-09-19 17:02:43.0710407] File name collision, renamed to 'SM_SaguaroCactus_01_B_DUPL_2'
[2026-09-19 17:02:43.0789354] File name collision, renamed to 'SM_Antenna_01_DUPL_1'
[2026-09-19 17:02:43.0797772] File name collision, renamed to 'T_black_DUPL_1'
[2026-09-19 17:02:43.0801205] File name collision, renamed to 'T_white_DUPL_1'
[2026-09-19 17:02:43.0810081] File name collision, renamed to 'A_DUPL_1'
[2026-09-19 17:02:43.0812910] File name collision, renamed to 'N_DUPL_1'
[2026-09-19 17:02:43.0816745] File name collision, renamed to 'T_auto_repair_table_01_basecolor_DUPL_1'
[2026-09-19 17:02:43.0819913] File name collision, renamed to 'T_auto_repair_table_01_normal_DUPL_1'
[2026-09-19 17:02:43.0822673] File name collision, renamed to 'T_auto_repair_table_01_rma_DUPL_1'
[2026-09-19 17:02:43.0829304] File name collision, renamed to 'Wheels_C_DUPL_2'
[2026-09-19 17:02:43.0853643] File name collision, renamed to 'SM_Lunchbox_01_DUPL_1'
[2026-09-19 17:02:43.0866007] File name collision, renamed to 'Huts_Atlas_A_DUPL_1'
[2026-09-19 17:02:43.0868576] File name collision, renamed to 'Huts_Atlas_N_DUPL_1'
[2026-09-19 17:02:43.0871343] File name collision, renamed to 'Sheds_Atlas_A_DUPL_2'
[2026-09-19 17:02:43.0874409] File name collision, renamed to 'Sheds_Atlas_N_DUPL_2'
[2026-09-19 17:02:43.0878173] File name collision, renamed to 'Sheds_Atlas_RMA_DUPL_2'
[2026-09-19 17:02:43.0884402] File name collision, renamed to 'concrete_01_N_DUPL_1'
[2026-09-19 17:02:43.0888409] File name collision, renamed to 'MM_MasterMaterial_01_DUPL_1'
[2026-09-19 17:02:43.0891639] File name collision, renamed to 'TX_Fill_01_ALB_DUPL_1'
[2026-09-19 17:02:43.0894021] File name collision, renamed to 'TX_Fill_01_NRM_DUPL_1'
[2026-09-19 17:02:43.0897812] File name collision, renamed to 'TX_Fill_01_RMA_DUPL_1'
[2026-09-19 17:02:43.0902858] File name collision, renamed to 'TX_Lunchbox_ALB_DUPL_1'
[2026-09-19 17:02:43.0906166] File name collision, renamed to 'TX_Lunchbox_NRM_DUPL_1'
[2026-09-19 17:02:43.0910269] File name collision, renamed to 'MM_RuinedMuscleCar_Inst_DUPL_1'
[2026-09-19 17:02:43.0918249] File name collision, renamed to 'Grey_C_DUPL_3'
[2026-09-19 17:02:43.0920637] File name collision, renamed to 'PVCPanel_01_RMA_DUPL_1'
[2026-09-19 17:02:43.0923161] File name collision, renamed to 'MM_TilingBlend_DUPL_2'
[2026-09-19 17:02:43.0925067] File name collision, renamed to 'Mask_01_RGB_DUPL_1'
[2026-09-19 17:02:43.0928921] File name collision, renamed to 'Plaster_01_C_DUPL_2'
[2026-09-19 17:02:43.0931563] File name collision, renamed to 'Plaster_01_Damaged_C_DUPL_1'
[2026-09-19 17:02:43.0934148] File name collision, renamed to 'Plaster_01_Damaged_N_DUPL_1'
[2026-09-19 17:02:43.0937619] File name collision, renamed to 'Plaster_01_Damaged_RMA_DUPL_1'
[2026-09-19 17:02:43.0940588] File name collision, renamed to 'Plaster_01_N_DUPL_2'
[2026-09-19 17:02:43.0942852] File name collision, renamed to 'F_Fade_DUPL_4'
[2026-09-19 17:02:43.0947620] File name collision, renamed to 'F_NormalConvert_DUPL_1'
[2026-09-19 17:02:43.1016916] File name collision, renamed to 'Screen_Passes_UIBrush_DUPL_1'
[2026-09-19 17:02:43.1024022] File name collision, renamed to 'MI_Signs_DUPL_1'
[2026-09-19 17:02:43.1026843] File name collision, renamed to 'T_Signs_RMA_DUPL_1'
[2026-09-19 17:02:43.1029735] File name collision, renamed to 'rustymetal_01_NRM_DUPL_1'
[2026-09-19 17:02:43.1032689] File name collision, renamed to 'rustymetal_02_RMA_DUPL_1'
[2026-09-19 17:02:43.1035985] File name collision, renamed to 'SM_Barrel_01_DUPL_1'
[2026-09-19 17:02:43.1042730] File name collision, renamed to 'SM_woodenpalette_01_DUPL_1'
[2026-09-19 17:02:43.1049856] File name collision, renamed to 'TX_WoodenPalette_01_ALB_DUPL_1'
[2026-09-19 17:02:43.1051981] File name collision, renamed to 'TX_WoodenPalette_01_NRM_DUPL_1'
[2026-09-19 17:02:43.1058175] File name collision, renamed to 'SM_TrashBag_01_A_DUPL_1'
[2026-09-19 17:02:43.1061277] File name collision, renamed to 'SM_Barrel_DUPL_1'
[2026-09-19 17:02:43.1073751] File name collision, renamed to 'T_blank_N_DUPL_3'
[2026-09-19 17:02:43.1076610] File name collision, renamed to 'T_Blank_DUPL_1'
[2026-09-19 17:02:43.1092908] File name collision, renamed to 'WareHouse_DUPL_1'
[2026-09-19 17:02:43.1100206] File name collision, renamed to 'SM_GrassDry_01_B_DUPL_1'
[2026-09-19 17:02:43.1103413] File name collision, renamed to 'exhaust_DUPL_1'
[2026-09-19 17:02:43.1109855] File name collision, renamed to 'T_black_d_DUPL_1'
[2026-09-19 17:02:43.1114192] File name collision, renamed to 'Vehicle_FrontTireConfig_DUPL_1'
[2026-09-19 17:02:43.1132584] File name collision, renamed to 'T_Blank_M_DUPL_1'
[2026-09-19 17:02:43.1137098] File name collision, renamed to 'T_Blank_DUPL_2'
[2026-09-19 17:02:43.1142543] File name collision, renamed to 'T_scanner_N_DUPL_1'
[2026-09-19 17:02:43.1149385] File name collision, renamed to 'decorations_exit_bg_ui_brush_DUPL_1'
[2026-09-19 17:02:43.1240402] File name collision, renamed to 'T_Wooden_Wall_A_N_DUPL_1'
[2026-09-19 17:02:43.1246100] File name collision, renamed to 'MM_RuinedMuscleCar_Inst_DUPL_2'
[2026-09-19 17:02:43.1248610] File name collision, renamed to 'MM_RuinedMuscleCar_Inst_2_DUPL_2'
[2026-09-19 17:02:43.1250507] File name collision, renamed to 'MM_RuinedMuscleCar_Inst_DUPL_3'
[2026-09-19 17:02:43.1257435] File name collision, renamed to 'Wheel_DUPL_1'
[2026-09-19 17:02:43.1259781] File name collision, renamed to 'SM_Canopy_DUPL_1'
[2026-09-19 17:02:43.1266861] File name collision, renamed to 'Rock5_inst_DUPL_1'
[2026-09-19 17:02:43.1272571] File name collision, renamed to 'MI_OffRoadVehicle_DUPL_1'
[2026-09-19 17:02:43.1277054] File name collision, renamed to 'MM_RuinedMuscleCar_DUPL_2'
[2026-09-19 17:02:43.1302260] File name collision, renamed to 'Gray_mask_DUPL_2'
[2026-09-19 17:02:43.1316430] File name collision, renamed to 'dirtmask_DUPL_1'
[2026-09-19 17:02:43.1323122] File name collision, renamed to 'T_Water_N_DUPL_3'
[2026-09-19 17:02:43.1327142] File name collision, renamed to 'TarmacRoof_01_RMAH_DUPL_1'
[2026-09-19 17:02:43.1330542] File name collision, renamed to 'RoadPatch_01_RMA_DUPL_1'
[2026-09-19 17:02:43.1333183] File name collision, renamed to 'Normal_DUPL_1'
[2026-09-19 17:02:43.1335683] File name collision, renamed to 'TX_Roller_Machine_M1_NRM_DUPL_1'
[2026-09-19 17:02:43.1337755] File name collision, renamed to 'TX_Roller_Machine_M1_ALB_DUPL_1'
[2026-09-19 17:02:43.1341230] File name collision, renamed to 'seylmwd_2K_Normal_DUPL_1'
[2026-09-19 17:02:43.1343610] File name collision, renamed to 'RMD_DUPL_1'
[2026-09-19 17:02:43.1346115] File name collision, renamed to 'Waves1_DUPL_1'
[2026-09-19 17:02:43.1349103] File name collision, renamed to 'T_snow_detailed_normal_DUPL_1'
[2026-09-19 17:02:43.1351248] File name collision, renamed to 'MoistureNoise_DUPL_1'
[2026-09-19 17:02:43.1353992] File name collision, renamed to 'RT_Trails_DUPL_1'
[2026-09-19 17:02:43.1356249] File name collision, renamed to 'MPC_TrailsParams_DUPL_1'
[2026-09-19 17:02:43.1358619] File name collision, renamed to 'M_VertexAlphaHeightBlend_DUPL_3'
[2026-09-19 17:02:43.1360740] File name collision, renamed to 'MapRange_MF_DUPL_1'
[2026-09-19 17:02:43.1362993] File name collision, renamed to 'snow_SSS_DUPL_1'
[2026-09-19 17:02:43.1365653] File name collision, renamed to 'Cheep_Snow_DUPL_1'
[2026-09-19 17:02:43.1370522] File name collision, renamed to 'Plane_DUPL_1'
[2026-09-19 17:02:43.1375103] File name collision, renamed to 'T_A_BaseTexture_DUPL_1'
[2026-09-19 17:02:43.1377781] File name collision, renamed to 'T_A_BaseNormal_DUPL_1'
[2026-09-19 17:02:43.1380825] File name collision, renamed to 'T_A_BaseMetallic_DUPL_1'
[2026-09-19 17:02:43.1383756] File name collision, renamed to 'RMA_DUPL_3'
[2026-09-19 17:02:43.1386653] File name collision, renamed to 'NormalMap_DUPL_2'
[2026-09-19 17:02:43.1389518] File name collision, renamed to 'Albedo_DUPL_3'
[2026-09-19 17:02:43.1403051] File name collision, renamed to 'Plane_DUPL_2'
[2026-09-19 17:02:43.1411557] File name collision, renamed to 'SM_GrassDry_01_A_DUPL_2'
[2026-09-19 17:02:43.1414357] File name collision, renamed to 'SM_CreosoteBush_01_A_DUPL_2'
[2026-09-19 17:02:43.1417210] File name collision, renamed to 'SM_GrassDry_01_A_DUPL_3'
[2026-09-19 17:02:43.1421277] File name collision, renamed to 'BP_Cliff_Instance_04_DUPL_1'
[2026-09-19 17:02:43.1424300] File name collision, renamed to 'BP_Cliff_Instance_03_DUPL_1'
[2026-09-19 17:02:43.1428150] File name collision, renamed to 'BP_Cliff_Instance_02_DUPL_1'
[2026-09-19 17:02:43.1430352] File name collision, renamed to 'BP_Cliff_Instance_01_DUPL_1'
[2026-09-19 17:02:43.1433027] File name collision, renamed to 'M_GrassDry_01_DUPL_1'
[2026-09-19 17:02:43.1438083] File name collision, renamed to 'CreosoteBush_01_N_DUPL_2'
[2026-09-19 17:02:43.1440469] File name collision, renamed to 'CreosoteBush_01_CA_DUPL_2'
[2026-09-19 17:02:43.1450756] File name collision, renamed to 'MM_RuinedMuscleCar_DUPL_3'
[2026-09-19 17:02:43.1472184] File name collision, renamed to 'SM_Generator_DUPL_1'
[2026-09-19 17:02:43.1488161] File name collision, renamed to 'MM_RuinedMuscleCar_DUPL_4'
[2026-09-19 17:02:43.1490134] File name collision, renamed to 'MI_Generator_DUPL_1'
[2026-09-19 17:02:43.1515427] File name collision, renamed to '0_DUPL_1'
[2026-09-19 17:02:43.1523847] File name collision, renamed to 'SM_PlywoodTable_01a_DUPL_1'
[2026-09-19 17:02:43.1529340] File name collision, renamed to 'SM_Shrub_01_A_DUPL_1'
[2026-09-19 17:02:43.1531581] File name collision, renamed to 'SM_Shrub_01_A_DUPL_2'
[2026-09-19 17:02:43.1535138] File name collision, renamed to 'SM_SaguaroCactus_01_A_DUPL_2'
[2026-09-19 17:02:43.1539484] File name collision, renamed to 'SM_OpuntiaCactus_01_A_DUPL_2'
[2026-09-19 17:02:43.1542802] File name collision, renamed to 'MI_Metal_Anodized_01_Dark_dirty_DUPL_1'
[2026-09-19 17:02:43.1545326] File name collision, renamed to 'SM_Shrub_01_B_FoliageType_DUPL_1'
[2026-09-19 17:02:43.1547842] File name collision, renamed to 'SM_Shrub_01_A_FoliageType_DUPL_1'
[2026-09-19 17:02:43.1552541] File name collision, renamed to 'M_Shrub_01_DUPL_1'
[2026-09-19 17:02:43.1556563] File name collision, renamed to 'Shrub_01_N_DUPL_2'
[2026-09-19 17:02:43.1559166] File name collision, renamed to 'Shrub_01_CA_DUPL_2'
[2026-09-19 17:02:43.1564844] File name collision, renamed to 'SM_SMALL_Desert_Rock_04_UE4_DUPL_1'
[2026-09-19 17:02:43.1567899] File name collision, renamed to 'SM_SMALL_Desert_Rock_03_UE4_DUPL_1'
[2026-09-19 17:02:43.1571377] File name collision, renamed to 'SM_SMALL_Desert_Rock_02_UE4_DUPL_1'
[2026-09-19 17:02:43.1574801] File name collision, renamed to 'SM_SMALL_Desert_Rock_01_UE4_DUPL_1'
[2026-09-19 17:02:43.1577719] File name collision, renamed to 'SM_Shrub_01_E_DUPL_1'
[2026-09-19 17:02:43.1580838] File name collision, renamed to 'SM_Shrub_01_D_DUPL_1'
[2026-09-19 17:02:43.1583188] File name collision, renamed to 'SM_OpuntiaCactus_01_B_DUPL_1'
[2026-09-19 17:02:43.1586234] File name collision, renamed to 'SM_OcotilloCactus_01_B_DUPL_1'
[2026-09-19 17:02:43.1588945] File name collision, renamed to 'SM_GrassDry_01_D_DUPL_1'
[2026-09-19 17:02:43.1591255] File name collision, renamed to 'SM_GrassDry_01_C_DUPL_1'
[2026-09-19 17:02:43.1593552] File name collision, renamed to 'SM_GrassDry_01_B_DUPL_2'
[2026-09-19 17:02:43.1596025] File name collision, renamed to 'SM_Desert_Rock_Pile_03_UE4_DUPL_1'
[2026-09-19 17:02:43.1599237] File name collision, renamed to 'SM_Desert_Rock_Pile_02_UE4_DUPL_1'
[2026-09-19 17:02:43.1601634] File name collision, renamed to 'SM_Desert_Rock_Pile_01_UE4_DUPL_1'
[2026-09-19 17:02:43.1604253] File name collision, renamed to 'SM_CreosoteBush_01_A_DUPL_3'
[2026-09-19 17:02:43.1609371] File name collision, renamed to 'SM_OcotilloCactus_01_A_DUPL_2'
[2026-09-19 17:02:43.1613281] File name collision, renamed to 'Substance_graph_output_DUPL_1'
[2026-09-19 17:02:43.1631347] File name collision, renamed to 'frame_RMA_DUPL_1'
[2026-09-19 17:02:43.1638784] File name collision, renamed to 'frame_NRM_DUPL_1'
[2026-09-19 17:02:43.1640922] File name collision, renamed to 'frame_ALB_DUPL_1'
[2026-09-19 17:02:43.1669664] File name collision, renamed to 'CarWash1_DUPL_1'
[2026-09-19 17:02:43.1673586] File name collision, renamed to 'CarWash0_DUPL_1'
[2026-09-19 17:02:43.1677691] File name collision, renamed to 'CarWash2_DUPL_1'
[2026-09-19 17:02:43.1680196] File name collision, renamed to 'T_Blank_DUPL_3'
[2026-09-19 17:02:43.1692001] File name collision, renamed to 'Warehouse_DUPL_2'
[2026-09-19 17:02:43.1698530] File name collision, renamed to 'TarmacRoof_01_N_DUPL_1'
[2026-09-19 17:02:43.1702069] File name collision, renamed to 'Foliage_DUPL_1'
[2026-09-19 17:02:43.1715432] File name collision, renamed to 'SM_RollerMachine_Wheel_B_01a_DUPL_1'
[2026-09-19 17:02:43.1718739] File name collision, renamed to 'SM_ConcreteMixer_01a_DUPL_1'
[2026-09-19 17:02:43.1722196] File name collision, renamed to 'TX_ConcreteMixer_01b_NRM_DUPL_1'
[2026-09-19 17:02:43.1724679] File name collision, renamed to 'TX_ConcreteMixer_01b_ALB_DUPL_1'
[2026-09-19 17:02:43.1726706] File name collision, renamed to 'TX_ConcreteMixer_01a_NRM_DUPL_1'
[2026-09-19 17:02:43.1729679] File name collision, renamed to 'TX_ConcreteMixer_01a_ALB_DUPL_1'
[2026-09-19 17:02:43.1732626] File name collision, renamed to 'TX_tarp_01_RMA_2_DUPL_1'
[2026-09-19 17:02:43.1734724] File name collision, renamed to 'TX_Tarp_01_NRM_DUPL_1'
[2026-09-19 17:02:43.1737420] File name collision, renamed to 'TX_Tarp_01_ALB_DUPL_1'
[2026-09-19 17:02:43.1745276] File name collision, renamed to 'Noise_Anisotropic2_height_DUPL_1'
[2026-09-19 17:02:43.1751210] File name collision, renamed to 'M_Emissive_DUPL_1'
[2026-09-19 17:02:43.1763653] File name collision, renamed to 'SM_Tarp_02_DUPL_1'
[2026-09-19 17:02:43.1766614] File name collision, renamed to 'TX_Portapotty_01_RMA_DUPL_1'
[2026-09-19 17:02:43.1769288] File name collision, renamed to 'TX_Portapotty_01_NRM_DUPL_1'
[2026-09-19 17:02:43.1771759] File name collision, renamed to 'TX_Portapotty_01_ALB_DUPL_1'
[2026-09-19 17:02:43.1777898] File name collision, renamed to 'F_LightFlicker_DUPL_1'
[2026-09-19 17:02:43.1797920] File name collision, renamed to 'MI_Signs_DUPL_2'
[2026-09-19 17:02:43.1801575] File name collision, renamed to 'rustymetal_01_NRM_DUPL_2'
[2026-09-19 17:02:43.1804232] File name collision, renamed to 'BP_BarbellForBench_DUPL_1'
[2026-09-19 17:02:43.1817903] File name collision, renamed to 'SM_Radio_01_DUPL_1'
[2026-09-19 17:02:43.1820527] File name collision, renamed to 'SM_propanetank_01_DUPL_1'
[2026-09-19 17:02:43.1825540] File name collision, renamed to 'SM_plate_01b_DUPL_1'
[2026-09-19 17:02:43.1829170] File name collision, renamed to 'SM_Cup_01a_DUPL_1'
[2026-09-19 17:02:43.1831962] File name collision, renamed to 'MI_PaintBucket_01_DUPL_1'
[2026-09-19 17:02:43.1838546] File name collision, renamed to 'TX_Propane_01_NRM_DUPL_1'
[2026-09-19 17:02:43.1841561] File name collision, renamed to 'TX_Propane_01_ALB_DUPL_1'
[2026-09-19 17:02:43.1844342] File name collision, renamed to 'TX_Fill_01_RMA_DUPL_2'
[2026-09-19 17:02:43.1847114] File name collision, renamed to 'TX_Fill_01_ALB_DUPL_2'
[2026-09-19 17:02:43.1849403] File name collision, renamed to 'TX_Fill_01_NRM_DUPL_2'
[2026-09-19 17:02:43.1852497] File name collision, renamed to 'Substance_graph_output_DUPL_2'
[2026-09-19 17:02:43.1857274] File name collision, renamed to 'Substance_graph_output_DUPL_3'
[2026-09-19 17:02:43.1864289] File name collision, renamed to 'TX_PaintBucket_NRM_DUPL_1'
[2026-09-19 17:02:43.1866888] File name collision, renamed to 'TX_PaintBucket_ALB_DUPL_1'
[2026-09-19 17:02:43.1878980] File name collision, renamed to 'MI_Projector_DUPL_1'
[2026-09-19 17:02:43.1881212] File name collision, renamed to 'T_Projector_RMA_DUPL_1'
[2026-09-19 17:02:43.1884530] File name collision, renamed to 'T_Projector_N_DUPL_1'
[2026-09-19 17:02:43.1887598] File name collision, renamed to 'T_Projector_BC_DUPL_1'
[2026-09-19 17:02:43.1891558] File name collision, renamed to 'T_PerforationMask_DUPL_1'
[2026-09-19 17:02:43.1893387] File name collision, renamed to 'T_Perforation_N_DUPL_1'
[2026-09-19 17:02:43.1896120] File name collision, renamed to 'T_Leather_01_R_DUPL_1'
[2026-09-19 17:02:43.1898678] File name collision, renamed to 'T_Leather_01_N_DUPL_1'
[2026-09-19 17:02:43.1901573] File name collision, renamed to 'T_Leather_01_AO_DUPL_1'
[2026-09-19 17:02:43.1903690] File name collision, renamed to 'M_Leather_DUPL_1'
[2026-09-19 17:02:43.1907349] File name collision, renamed to 'WorldAlignedTexture_Bumpoffset_DUPL_1'
[2026-09-19 17:02:43.1910271] File name collision, renamed to 'MM_MasterMaterial_01_DUPL_2'
[2026-09-19 17:02:43.1928100] File name collision, renamed to 'Food_4_DUPL_2'
[2026-09-19 17:02:43.1949851] File name collision, renamed to 'Food_3_DUPL_2'
[2026-09-19 17:02:43.2011579] File name collision, renamed to 'femaleHair_albedo_DUPL_1'
[2026-09-19 17:02:43.2020952] File name collision, renamed to 'T_Car_02_Interior_RMA_DUPL_1'
[2026-09-19 17:02:43.2023921] File name collision, renamed to 'T_Car_02_Interior_N_DUPL_1'
[2026-09-19 17:02:43.2026129] File name collision, renamed to 'T_Car_02_Interior_E_DUPL_1'
[2026-09-19 17:02:43.2029584] File name collision, renamed to 'T_Car_02_Interior_BC_DUPL_1'
[2026-09-19 17:02:43.2038820] File name collision, renamed to 'wheel_DUPL_2'
[2026-09-19 17:02:43.2101650] File name collision, renamed to 'GSS_VO_R_C2_010_DUPL_1'
[2026-09-19 17:02:43.2106036] File name collision, renamed to 'GSS_VO_R_C2_009_DUPL_1'
[2026-09-19 17:02:43.2108607] File name collision, renamed to 'GSS_VO_R_C2_008_DUPL_1'
[2026-09-19 17:02:43.2112498] File name collision, renamed to 'GSS_VO_R_C2_007_DUPL_1'
[2026-09-19 17:02:43.2115168] File name collision, renamed to 'GSS_VO_R_C2_006_DUPL_1'
[2026-09-19 17:02:43.2118904] File name collision, renamed to 'GSS_VO_R_C2_005_DUPL_1'
[2026-09-19 17:02:43.2121246] File name collision, renamed to 'GSS_VO_R_C2_004_DUPL_1'
[2026-09-19 17:02:43.2124188] File name collision, renamed to 'GSS_VO_R_C2_003_DUPL_1'
[2026-09-19 17:02:43.2127492] File name collision, renamed to 'GSS_VO_R_C2_002_DUPL_1'
[2026-09-19 17:02:43.2129752] File name collision, renamed to 'GSS_VO_R_C2_001_DUPL_1'
[2026-09-19 17:02:43.2133876] File name collision, renamed to 'GSS_VO_R_C1_024_DUPL_1'
[2026-09-19 17:02:43.2136297] File name collision, renamed to 'GSS_VO_R_C1_023_DUPL_1'
[2026-09-19 17:02:43.2139270] File name collision, renamed to 'GSS_VO_R_C1_022_DUPL_1'
[2026-09-19 17:02:43.2141830] File name collision, renamed to 'GSS_VO_R_C1_021_DUPL_1'
[2026-09-19 17:02:43.2144833] File name collision, renamed to 'GSS_VO_R_C1_020_DUPL_1'
[2026-09-19 17:02:43.2147140] File name collision, renamed to 'GSS_VO_R_C1_019_02_DUPL_1'
[2026-09-19 17:02:43.2148982] File name collision, renamed to 'GSS_VO_R_C1_018_DUPL_1'
[2026-09-19 17:02:43.2151113] File name collision, renamed to 'GSS_VO_R_C1_017_DUPL_1'
[2026-09-19 17:02:43.2153204] File name collision, renamed to 'GSS_VO_R_C1_016_DUPL_1'
[2026-09-19 17:02:43.2155041] File name collision, renamed to 'GSS_VO_R_C1_015_DUPL_1'
[2026-09-19 17:02:43.2157911] File name collision, renamed to 'GSS_VO_R_C1_014_DUPL_1'
[2026-09-19 17:02:43.2161564] File name collision, renamed to 'GSS_VO_R_C1_013_DUPL_1'
[2026-09-19 17:02:43.2163619] File name collision, renamed to 'GSS_VO_R_C1_012_DUPL_1'
[2026-09-19 17:02:43.2165831] File name collision, renamed to 'GSS_VO_R_C1_010_DUPL_1'
[2026-09-19 17:02:43.2168524] File name collision, renamed to 'GSS_VO_R_C1_008_DUPL_1'
[2026-09-19 17:02:43.2171832] File name collision, renamed to 'GSS_VO_R_C1_007_DUPL_1'
[2026-09-19 17:02:43.2174851] File name collision, renamed to 'GSS_VO_R_C1_006_DUPL_1'
[2026-09-19 17:02:43.2177441] File name collision, renamed to 'GSS_VO_R_C1_005_DUPL_1'
[2026-09-19 17:02:43.2179324] File name collision, renamed to 'GSS_VO_R_C1_004_DUPL_1'
[2026-09-19 17:02:43.2182745] File name collision, renamed to 'GSS_VO_R_C1_003_DUPL_1'
[2026-09-19 17:02:43.2194381] File name collision, renamed to 'MI_Substation_01_DUPL_1'
[2026-09-19 17:02:43.2197725] File name collision, renamed to 'T_substation_01_BaseColor_DUPL_1'
[2026-09-19 17:02:43.2201623] File name collision, renamed to 'T_substation_01_Normal_DUPL_1'
[2026-09-19 17:02:43.2203795] File name collision, renamed to 'T_substation_01_RMA_DUPL_1'
[2026-09-19 17:02:43.2205777] File name collision, renamed to 'BC_DUPL_3'
[2026-09-19 17:02:43.2207571] File name collision, renamed to 'NormalMap_DUPL_3'
[2026-09-19 17:02:43.2209229] File name collision, renamed to 'RMA_DUPL_4'
[2026-09-19 17:02:43.2219338] File name collision, renamed to 'Parking_2_DUPL_1'
[2026-09-19 17:02:43.2228091] File name collision, renamed to 'GasStation_Wall7_DUPL_1'
[2026-09-19 17:02:43.2236355] File name collision, renamed to 'Parking_1_DUPL_1'
[2026-09-19 17:02:43.2248529] File name collision, renamed to 'AutoCarWashSequence_DUPL_1'
[2026-09-19 17:02:43.2271993] File name collision, renamed to 'SM_Spool_01a_DUPL_2'
[2026-09-19 17:02:43.2274845] File name collision, renamed to 'TX_Spool_02a_RMA_DUPL_1'
[2026-09-19 17:02:43.2277783] File name collision, renamed to 'TX_Spool_02a_NRM_DUPL_1'
[2026-09-19 17:02:43.2279400] File name collision, renamed to 'TX_Spool_02a_ALB_DUPL_1'
[2026-09-19 17:02:43.2282742] File name collision, renamed to 'Parking_3_DUPL_1'
[2026-09-19 17:02:43.2286110] File name collision, renamed to 'TX_WheelBarrel_01_NRM_DUPL_1'
[2026-09-19 17:02:43.2289050] File name collision, renamed to 'TX_WheelBarrel_01_ALB_DUPL_1'
[2026-09-19 17:02:43.2295376] File name collision, renamed to 'Cylinder_DUPL_2'
[2026-09-19 17:02:43.2304760] File name collision, renamed to 't_default_normal_DUPL_2'
[2026-09-19 17:02:43.2326848] File name collision, renamed to 'RMA_DUPL_5'
[2026-09-19 17:02:43.2331012] File name collision, renamed to 'NormalMap_DUPL_4'
[2026-09-19 17:02:43.2334467] File name collision, renamed to 'Albedo_DUPL_4'
[2026-09-19 17:02:43.2339025] File name collision, renamed to 'MM_WreckCar_Inst_DUPL_1'
[2026-09-19 17:02:43.2342880] File name collision, renamed to 'M_smoke_subUV_DUPL_1'
[2026-09-19 17:02:43.2345705] File name collision, renamed to 'M_Radial_Gradient_DUPL_1'
[2026-09-19 17:02:43.2348899] File name collision, renamed to 'T_Smoke_Tiled_D_DUPL_1'
[2026-09-19 17:02:43.2351636] File name collision, renamed to 'T_Smoke_SubUV_DUPL_1'
[2026-09-19 17:02:43.2355423] File name collision, renamed to 'T_Blank_N_DUPL_4'
[2026-09-19 17:02:43.2358708] File name collision, renamed to 'T_Fire_Tiled_D_DUPL_1'
[2026-09-19 17:02:43.2373464] File name collision, renamed to 'T_transparent_glassdirty_Opacity_DUPL_1'
[2026-09-19 17:02:43.2398592] File name collision, renamed to 'SM_WheelBarrel_Wheel_01a_DUPL_1'
[2026-09-19 17:02:43.2402155] File name collision, renamed to 'SM_Wheel_DUPL_1'
[2026-09-19 17:02:43.2418796] File name collision, renamed to 'czesci_Wheel_DUPL_1'
[2026-09-19 17:02:43.2422491] File name collision, renamed to 'MI_Metal_Anodized_01_Dark_DUPL_1'
[2026-09-19 17:02:43.2424855] File name collision, renamed to 'painter_Body_RMA_DUPL_1'
[2026-09-19 17:02:43.2426681] File name collision, renamed to 'Painter_Body_Normal_DUPL_1'
[2026-09-19 17:02:43.2429899] File name collision, renamed to 'Painter_Body_BaseColor_DUPL_1'
[2026-09-19 17:02:43.2432452] File name collision, renamed to 'T_Tire_N_DUPL_1'
[2026-09-19 17:02:43.2435179] File name collision, renamed to 'T_Smoke_Tiled_D_DUPL_2'
[2026-09-19 17:02:43.2438570] File name collision, renamed to 'T_PlasticDirt_DUPL_1'
[2026-09-19 17:02:43.2441841] File name collision, renamed to 'M_Base_DUPL_1'
[2026-09-19 17:02:43.2444240] File name collision, renamed to 'MI_Metal_Anodized_01_Dark_DUPL_2'
[2026-09-19 17:02:43.2446296] File name collision, renamed to 'MI_Black_Plastic_DUPL_1'
[2026-09-19 17:02:43.2449362] File name collision, renamed to 'T_Tire2_n_DUPL_1'
[2026-09-19 17:02:43.2452281] File name collision, renamed to 'T_Tire2_h_DUPL_1'
[2026-09-19 17:02:43.2455462] File name collision, renamed to 'T_Smoke_Tiled_D_DUPL_3'
[2026-09-19 17:02:43.2458273] File name collision, renamed to 'T_Leather_01_R_DUPL_2'
[2026-09-19 17:02:43.2461174] File name collision, renamed to 'T_Leather_01_N_DUPL_2'
[2026-09-19 17:02:43.2463100] File name collision, renamed to 'T_TireRubber_R_DUPL_1'
[2026-09-19 17:02:43.2466298] File name collision, renamed to 'T_Tire_N_DUPL_2'
[2026-09-19 17:02:43.2468864] File name collision, renamed to 'PhMat_Wheel_DUPL_1'
[2026-09-19 17:02:43.2471854] File name collision, renamed to 'M_TireRubber_DUPL_1'
[2026-09-19 17:02:43.2474366] File name collision, renamed to 'T_RadialNoise_N_DUPL_1'
[2026-09-19 17:02:43.2477866] File name collision, renamed to 'T_RadialNoise_DUPL_1'
[2026-09-19 17:02:43.2479907] File name collision, renamed to 'T_DiscRotorCrack_N_DUPL_1'
[2026-09-19 17:02:43.2481909] File name collision, renamed to 'T_DiscRotorCrack_DUPL_1'
[2026-09-19 17:02:43.2484522] File name collision, renamed to 'M_BrakeRotor_Iron_DUPL_1'
[2026-09-19 17:02:43.2486388] File name collision, renamed to 'MF_BrakeRotor_Radial_Iron_DUPL_1'
[2026-09-19 17:02:43.2488292] File name collision, renamed to 'MatLayerBlend_Standard_BlendAngleCorrectedNormal_DUPL_1'
[2026-09-19 17:02:43.2490653] File name collision, renamed to 'MI_TireRubber_DUPL_1'
[2026-09-19 17:02:43.2493406] File name collision, renamed to 'MI_Metal_Anodized_01_Dark_DUPL_3'
[2026-09-19 17:02:43.2495604] File name collision, renamed to 'T_TireRubber_R_DUPL_2'
[2026-09-19 17:02:43.2497482] File name collision, renamed to 'T_Tire_N_DUPL_3'
[2026-09-19 17:02:43.2499460] File name collision, renamed to 'PhMat_Wheel_DUPL_2'
[2026-09-19 17:02:43.2501845] File name collision, renamed to 'M_TireRubber_DUPL_2'
[2026-09-19 17:02:43.2515136] File name collision, renamed to 'MI_Junkyard_Wheels_Damaged_MMProps_DUPL_1'
[2026-09-19 17:02:43.2519876] File name collision, renamed to 'T_MASK1_DUPL_2'
[2026-09-19 17:02:43.2524570] File name collision, renamed to 'MI_Neon_05_PT_DUPL_1'
[2026-09-19 17:02:43.2529207] File name collision, renamed to 'SM_ElectricBox_03_DUPL_1'
[2026-09-19 17:02:43.2537354] File name collision, renamed to 'T_Engine_RMA_DUPL_1'
[2026-09-19 17:02:43.2539943] File name collision, renamed to 'T_Engine_N_DUPL_1'
[2026-09-19 17:02:43.2542823] File name collision, renamed to 'T_Engine_BC_DUPL_1'
[2026-09-19 17:02:43.2548912] File name collision, renamed to 'T_Pump_Station_N_DUPL_1'
[2026-09-19 17:02:43.2555544] File name collision, renamed to 'MI_Antenna_DUPL_1'
[2026-09-19 17:02:43.2578734] File name collision, renamed to 'Caravan_01_aMI_Impostor_SM_ElectricalSupply_Switchboard06_01_DUPL_1'
[2026-09-19 17:02:43.2581488] File name collision, renamed to 'Caravan_01_aT_Impostor_SM_ElectricalSupply_Switchboard06_01_Normal_DUPL_1'
[2026-09-19 17:02:43.2584131] File name collision, renamed to 'Caravan_01_aT_Impostor_SM_ElectricalSupply_Switchboard06_01_BaseColor_DUPL_1'
[2026-09-19 17:02:43.2588007] File name collision, renamed to 'SM_PaintBucket_02_DUPL_1'
[2026-09-19 17:02:43.2591610] File name collision, renamed to 'SM_PaintBucket_01_DUPL_1'
[2026-09-19 17:02:43.2598270] File name collision, renamed to 'SM_ToolboxA_DUPL_1'
[2026-09-19 17:02:43.2601032] File name collision, renamed to 'SM_Middle_Chair_DUPL_1'
[2026-09-19 17:02:43.2603551] File name collision, renamed to 'SM_AirplaneProp_DUPL_1'
[2026-09-19 17:02:43.2605626] File name collision, renamed to 'SM_Ladder_01a_DUPL_1'
[2026-09-19 17:02:43.2608974] File name collision, renamed to 'SM_ElectricBox_03_DUPL_2'
[2026-09-19 17:02:43.2615352] File name collision, renamed to 'MI_TireRubber_DUPL_2'
[2026-09-19 17:02:43.2618490] File name collision, renamed to 'MI_mirror_DUPL_1'
[2026-09-19 17:02:43.2621910] File name collision, renamed to 'MI_Leather_07_Tan_Light_DUPL_1'
[2026-09-19 17:02:43.2625469] File name collision, renamed to 'MI_Leather_02_Black_Dark_DUPL_1'
[2026-09-19 17:02:43.2628028] File name collision, renamed to 'T_Blank_M_DUPL_2'
[2026-09-19 17:02:43.2631607] File name collision, renamed to 'M_custom_basic_DUPL_1'
[2026-09-19 17:02:43.2634290] File name collision, renamed to 'T_Cars_Panels_N_DUPL_1'
[2026-09-19 17:02:43.2637252] File name collision, renamed to 'T_Cars_Panels_em_DUPL_1'
[2026-09-19 17:02:43.2639053] File name collision, renamed to 'T_Cars_Panels_DUPL_1'
[2026-09-19 17:02:43.2641515] File name collision, renamed to 'M_emissive_DUPL_2'
[2026-09-19 17:02:43.2643885] File name collision, renamed to 'MI_Metal_Anodized_01_Bright_DUPL_1'
[2026-09-19 17:02:43.2645766] File name collision, renamed to 'MI_Leather_02_Grey_DUPL_1'
[2026-09-19 17:02:43.2647745] File name collision, renamed to 'MI_Icon_DUPL_1'
[2026-09-19 17:02:43.2649628] File name collision, renamed to 'MI_Car_Panels_DUPL_1'
[2026-09-19 17:02:43.2652345] File name collision, renamed to 'T_Logo_DigitalDive_DUPL_1'
[2026-09-19 17:02:43.2656009] File name collision, renamed to 'painter_Body_RoughnessMetallicOcclusion_DUPL_1'
[2026-09-19 17:02:43.2659015] File name collision, renamed to 'painter_Body_Normal_DUPL_2'
[2026-09-19 17:02:43.2661960] File name collision, renamed to 'painter_Body_BaseColor_DUPL_2'
[2026-09-19 17:02:43.2665421] File name collision, renamed to 'T_Cabriolet_DirtMask_DUPL_1'
[2026-09-19 17:02:43.2668069] File name collision, renamed to 'M_RoadDetails_DUPL_1'
[2026-09-19 17:02:43.2673541] File name collision, renamed to 'TX_Ladder_RMA_DUPL_1'
[2026-09-19 17:02:43.2677060] File name collision, renamed to 'TX_Ladder_NRM_DUPL_1'
[2026-09-19 17:02:43.2679729] File name collision, renamed to 'TX_Ladder_ALB_DUPL_1'
[2026-09-19 17:02:43.2682312] File name collision, renamed to 'MI_Barn_Walls_Wood_01_DUPL_1'
[2026-09-19 17:02:43.2687440] File name collision, renamed to 'M_Decal_DUPL_1'
[2026-09-19 17:02:43.2692923] File name collision, renamed to 'MI_shredder_DUPL_1'
[2026-09-19 17:02:43.2697353] File name collision, renamed to 'SM_Lantern_DUPL_2'
[2026-09-19 17:02:43.2719103] File name collision, renamed to 'Caravan_01_aMI_Impostor_SM_ElectricalSupply_Switchboard06_01_DUPL_2'
[2026-09-19 17:02:43.2727644] File name collision, renamed to 'Caravan_01_aT_Impostor_SM_ElectricalSupply_Switchboard06_01_Normal_DUPL_2'
[2026-09-19 17:02:43.2730421] File name collision, renamed to 'Caravan_01_aT_Impostor_SM_ElectricalSupply_Switchboard06_01_BaseColor_DUPL_2'
[2026-09-19 17:02:43.2732490] File name collision, renamed to 'T_antenna_pack_01_N_DUPL_1'
[2026-09-19 17:02:43.2734308] File name collision, renamed to 'T_antenna_pack_01_BC_DUPL_1'
[2026-09-19 17:02:43.2737002] File name collision, renamed to 'T_antenna_holder_01_N_DUPL_1'
[2026-09-19 17:02:43.2740335] File name collision, renamed to 'T_antenna_holder_01_BC_DUPL_1'
[2026-09-19 17:02:43.2751029] File name collision, renamed to 'MI_Compensator_DUPL_1'
[2026-09-19 17:02:43.2753501] File name collision, renamed to 'T_Compensator_RMA_DUPL_1'
[2026-09-19 17:02:43.2757168] File name collision, renamed to 'T_Compensator_N_DUPL_1'
[2026-09-19 17:02:43.2759104] File name collision, renamed to 'T_compensator_D_DUPL_1'
[2026-09-19 17:02:43.2764158] File name collision, renamed to 'Cap_6_DUPL_1'
[2026-09-19 17:02:43.2768244] File name collision, renamed to 'BC_DUPL_4'
[2026-09-19 17:02:43.2770422] File name collision, renamed to 'MM_RuinedMuscleCar_DUPL_5'
[2026-09-19 17:02:43.2774890] File name collision, renamed to 'M_Smoke_Puff_A_DUPL_1'
[2026-09-19 17:02:43.2784593] File name collision, renamed to 'RMA_DUPL_6'
[2026-09-19 17:02:43.2787363] File name collision, renamed to 'BC_DUPL_5'
[2026-09-19 17:02:43.2791850] File name collision, renamed to 'SM_Signs_UFO_27_DUPL_1'
[2026-09-19 17:02:43.2796037] File name collision, renamed to 'MI_Signs_UFO_MMProps_DUPL_1'
[2026-09-19 17:02:43.2798999] File name collision, renamed to 'T_UFO_Atlas_RMA_DUPL_1'
[2026-09-19 17:02:43.2802460] File name collision, renamed to 'T_UFO_Atlas_N_DUPL_1'
[2026-09-19 17:02:43.2805549] File name collision, renamed to 'T_UFO_Atlas_BC_DUPL_1'
[2026-09-19 17:02:43.2820745] File name collision, renamed to 'Brick_Wall_Painted_Inst_DUPL_1'
[2026-09-19 17:02:43.2825289] File name collision, renamed to 'RMA_DUPL_7'
[2026-09-19 17:02:43.2828337] File name collision, renamed to 'NormalMap_DUPL_5'
[2026-09-19 17:02:43.2831384] File name collision, renamed to 'BC_DUPL_6'
[2026-09-19 17:02:43.2843192] File name collision, renamed to 'CarCare_6_DUPL_1'
[2026-09-19 17:02:43.2846142] File name collision, renamed to 'CarCare_5_DUPL_1'
[2026-09-19 17:02:43.2848855] File name collision, renamed to 'CarCare_4_DUPL_1'
[2026-09-19 17:02:43.2851490] File name collision, renamed to 'CarCare_1_DUPL_1'
[2026-09-19 17:02:43.2855891] File name collision, renamed to 'MI_Substation_01_DUPL_2'
[2026-09-19 17:02:43.2863811] File name collision, renamed to 'SM_GrassDry_01_A_2_DUPL_1'
[2026-09-19 17:02:43.2869275] File name collision, renamed to 'T_Generic_Smoke_M_DUPL_1'
[2026-09-19 17:02:43.2914374] File name collision, renamed to 'T_A_BaseTexture_DUPL_2'
[2026-09-19 17:02:43.2921675] File name collision, renamed to 'M_A_BasePBR_DUPL_1'
[2026-09-19 17:02:43.2924799] File name collision, renamed to 'T_MetalPainted_N_DUPL_1'
[2026-09-19 17:02:43.2934464] File name collision, renamed to 'hud_notofication_fuel_icon_ui_brush_DUPL_1'
[2026-09-19 17:02:43.2963735] File name collision, renamed to 'blank_01_DUPL_1'
[2026-09-19 17:02:43.2970756] File name collision, renamed to 'M_Glass_DUPL_6'
[2026-09-19 17:02:43.2976038] File name collision, renamed to 'T_A_BaseTexture_DUPL_3'
[2026-09-19 17:02:43.2978639] File name collision, renamed to 'T_A_BaseNormal_DUPL_2'
[2026-09-19 17:02:43.2981504] File name collision, renamed to 'T_A_BaseMetallic_DUPL_2'
[2026-09-19 17:02:43.2984206] File name collision, renamed to 'M_A_BasePBREmissive_DUPL_1'
[2026-09-19 17:02:43.2986581] File name collision, renamed to 'T_MetalPainted_BC_DUPL_1'
[2026-09-19 17:02:43.2990652] File name collision, renamed to 'T_PerforationMask_DUPL_2'
[2026-09-19 17:02:43.2993371] File name collision, renamed to 'T_Perforation_N_DUPL_2'
[2026-09-19 17:02:43.2995309] File name collision, renamed to 'T_Leather_01_R_DUPL_3'
[2026-09-19 17:02:43.2999517] File name collision, renamed to 'T_Leather_01_N_DUPL_3'
[2026-09-19 17:02:43.3001861] File name collision, renamed to 'T_Leather_01_AO_DUPL_2'
[2026-09-19 17:02:43.3004467] File name collision, renamed to 'M_Leather_DUPL_2'
[2026-09-19 17:02:43.3025321] File name collision, renamed to 'T_Pickup_Lights_BC_DUPL_1'
[2026-09-19 17:02:43.3027976] File name collision, renamed to 'T_Pickup_Lights_N_DUPL_1'
[2026-09-19 17:02:43.3031662] File name collision, renamed to 'T_Pickup_Lights_RMA_DUPL_1'
[2026-09-19 17:02:43.3063054] File name collision, renamed to 'SM_Car_01_Trunk_DUPL_1'
[2026-09-19 17:02:43.3084504] File name collision, renamed to 'steal_DUPL_1'
[2026-09-19 17:02:43.3089412] File name collision, renamed to 'slider_handler_DUPL_1'
[2026-09-19 17:02:43.3092470] File name collision, renamed to 'smoke_DUPL_1'
[2026-09-19 17:02:43.3097901] File name collision, renamed to 'arrow_button_DUPL_1'
[2026-09-19 17:02:43.3116227] File name collision, renamed to 'M_Car_01_Glass_DUPL_1'
[2026-09-19 17:02:43.3165677] File name collision, renamed to 'walkie_talkie_radial_icon_DUPL_1'
[2026-09-19 17:02:43.3200492] File name collision, renamed to 'NS_CigSmoke_DUPL_1'
[2026-09-19 17:02:43.3203920] File name collision, renamed to 'SM_Cigaretts_01_Anim_DUPL_1'
[2026-09-19 17:02:43.3206474] File name collision, renamed to 'M_SmokeCig_DUPL_1'
[2026-09-19 17:02:43.3241177] File name collision, renamed to 'SM_trash_paper_wrapper_02_DUPL_1'
[2026-09-19 17:02:43.3247079] File name collision, renamed to 'Parking_4_DUPL_1'
[2026-09-19 17:02:43.3255692] Creating all files...
[2026-09-19 17:02:48.8384310] Unloading all forcefully loaded assets
[2026-09-19 17:02:48.8388303] SDK generated in 6.9527402 seconds.
[2026-09-19 17:02:48.8612054] Dumping CSV of all loaded static mesh actors, positions and mesh properties
[2026-09-19 17:02:48.8632112] SKIPPING COMPONENT! StaticMeshComponent 'SM_Barrel_48' has no mesh.
[2026-09-19 17:02:48.8634967] SKIPPING COMPONENT! StaticMeshComponent 'SM_Barrel_49' has no mesh.
[2026-09-19 17:02:48.9630633] SKIPPING COMPONENT! StaticMeshComponent 'SM_Cinema_fillar2' has no mesh.
[2026-09-19 17:02:48.9634026] SKIPPING COMPONENT! StaticMeshComponent 'SM_Cinema_fillar3' has no mesh.
[2026-09-19 17:02:48.9641983] SKIPPING COMPONENT! StaticMeshComponent 'SM_Cinema_fillar5' has no mesh.
[2026-09-19 17:02:48.9918734] Finished dumping CSV of all loaded static mesh actors, positions and mesh properties
[2026-09-19 17:02:51.7034865] Dumping CSV of all loaded actor types, positions and mesh properties
[2026-09-19 17:02:51.7263975] SKIPPING COMPONENT! StaticMeshComponent 'Employee_Base_NBM_FE_14_C_2147478171' has no mesh.
[2026-09-19 17:02:51.7270120] SKIPPING COMPONENT! StaticMeshComponent 'Employee_Base_NBM_Ma_04_C_2147478161' has no mesh.
[2026-09-19 17:02:51.7275238] SKIPPING COMPONENT! StaticMeshComponent 'Employee_Base_NBM_Ma_06_C_2147478152' has no mesh.
[2026-09-19 17:02:51.7278818] SKIPPING COMPONENT! StaticMeshComponent 'Employee_Base_NBM_FE_04_C_2147478143' has no mesh.
[2026-09-19 17:02:51.7283384] SKIPPING COMPONENT! StaticMeshComponent 'Employee_Base_NBM_Ma_10_C_2147478134' has no mesh.
[2026-09-19 17:02:51.7286331] SKIPPING COMPONENT! StaticMeshComponent 'Employee_Base_NBM_Ma_14_C_2147478125' has no mesh.
[2026-09-19 17:02:51.7290295] SKIPPING COMPONENT! StaticMeshComponent 'Employee_Base_NBM_FE_10_C_2147478107' has no mesh.
[2026-09-19 17:02:51.7306936] SKIPPING COMPONENT! StaticMeshComponent 'BP_TowyFrontWheel_C_2147479202' has no mesh.
[2026-09-19 17:02:51.7310818] SKIPPING COMPONENT! StaticMeshComponent 'BP_TowyFrontWheel_C_2147479200' has no mesh.
[2026-09-19 17:02:51.7325437] SKIPPING COMPONENT! StaticMeshComponent 'SM_Barrel_48' has no mesh.
[2026-09-19 17:02:51.7329085] SKIPPING COMPONENT! StaticMeshComponent 'SM_Barrel_49' has no mesh.
[2026-09-19 17:02:51.8362413] SKIPPING COMPONENT! StaticMeshComponent 'SM_Cinema_fillar2' has no mesh.
[2026-09-19 17:02:51.8368251] SKIPPING COMPONENT! StaticMeshComponent 'SM_Cinema_fillar3' has no mesh.
[2026-09-19 17:02:51.8376734] SKIPPING COMPONENT! StaticMeshComponent 'SM_Cinema_fillar5' has no mesh.
[2026-09-19 17:02:51.8628109] SKIPPING COMPONENT! StaticMeshComponent 'BP_JoeAirplane_C_2147477424' has no mesh.
[2026-09-19 17:02:51.8760940] SKIPPING COMPONENT! StaticMeshComponent 'Caravan_2' has no mesh.
[2026-09-19 17:02:51.8766992] SKIPPING COMPONENT! StaticMeshComponent 'Caravan_2' has no mesh.
[2026-09-19 17:02:51.8776301] SKIPPING COMPONENT! StaticMeshComponent 'CashShop_BP_2' has no mesh.
[2026-09-19 17:02:51.8783746] SKIPPING COMPONENT! StaticMeshComponent 'CinemaProjector_BP_2' has no mesh.
[2026-09-19 17:02:51.8788419] SKIPPING COMPONENT! StaticMeshComponent 'BP_RVCousinHouse_0' has no mesh.
[2026-09-19 17:02:51.8792311] SKIPPING COMPONENT! StaticMeshComponent 'BP_RVCousinHouse_0' has no mesh.
[2026-09-19 17:02:51.8812806] SKIPPING COMPONENT! StaticMeshComponent 'Decoration_Clock_C_2147478286' has no mesh.
[2026-09-19 17:02:51.8819765] SKIPPING COMPONENT! StaticMeshComponent 'FuelPriceBoard_BP_2' has no mesh.
[2026-09-19 17:02:51.8824042] SKIPPING COMPONENT! StaticMeshComponent 'FuelPriceBoard_BP_2' has no mesh.
[2026-09-19 17:02:51.8827476] SKIPPING COMPONENT! StaticMeshComponent 'FuelPriceBoard_big_BP_2' has no mesh.
[2026-09-19 17:02:51.8830956] SKIPPING COMPONENT! StaticMeshComponent 'FuelPriceBoard_big_BP_2' has no mesh.
[2026-09-19 17:02:51.8844083] SKIPPING COMPONENT! StaticMeshComponent 'BigStandAlcohol_lvl1_C_2147478200' has no mesh.
[2026-09-19 17:02:51.8865699] SKIPPING COMPONENT! StaticMeshComponent 'BigStandCarCare_lvl1_C_2147475662' has no mesh.
[2026-09-19 17:02:51.8870116] SKIPPING COMPONENT! StaticMeshComponent 'BigStandDrugs_lvl1_C_2147478220' has no mesh.
[2026-09-19 17:02:51.8875009] SKIPPING COMPONENT! StaticMeshComponent 'BigStandFood_lvl1_C_2147478204' has no mesh.
[2026-09-19 17:02:51.8879914] SKIPPING COMPONENT! StaticMeshComponent 'BigStandIceCream_lvl1_C_2147478192' has no mesh.
[2026-09-19 17:02:51.8883653] SKIPPING COMPONENT! StaticMeshComponent 'SmallStandNewspaper_lvl1_C_2147478216' has no mesh.
[2026-09-19 17:02:51.8887580] SKIPPING COMPONENT! StaticMeshComponent 'BigStandSoftDrinks_lvl1_C_2147478196' has no mesh.
[2026-09-19 17:02:51.8891954] SKIPPING COMPONENT! StaticMeshComponent 'BigStandPremiumDrinks_NEW_C_2147457854' has no mesh.
[2026-09-19 17:02:51.8906767] SKIPPING COMPONENT! StaticMeshComponent 'PartyTime_BP_2' has no mesh.
[2026-09-19 17:02:51.8910568] SKIPPING COMPONENT! StaticMeshComponent 'RVCamp_BP_2' has no mesh.
[2026-09-19 17:02:51.8912267] SKIPPING COMPONENT! StaticMeshComponent 'RVCamp_BP_2' has no mesh.
[2026-09-19 17:02:51.8914634] SKIPPING COMPONENT! StaticMeshComponent 'RVCampParkingSpot1' has no mesh.
[2026-09-19 17:02:51.8919396] SKIPPING COMPONENT! StaticMeshComponent 'RVCampParkingSpot1' has no mesh.
[2026-09-19 17:02:51.8922334] SKIPPING COMPONENT! StaticMeshComponent 'RVCampParkingSpot2' has no mesh.
[2026-09-19 17:02:51.8924853] SKIPPING COMPONENT! StaticMeshComponent 'RVCampParkingSpot2' has no mesh.
[2026-09-19 17:02:51.8927188] SKIPPING COMPONENT! StaticMeshComponent 'RVCampParkingSpot4' has no mesh.
[2026-09-19 17:02:51.8928627] SKIPPING COMPONENT! StaticMeshComponent 'RVCampParkingSpot4' has no mesh.
[2026-09-19 17:02:51.8931111] SKIPPING COMPONENT! StaticMeshComponent 'RVCampParkingSpot5' has no mesh.
[2026-09-19 17:02:51.8933152] SKIPPING COMPONENT! StaticMeshComponent 'RVCampParkingSpot5' has no mesh.
[2026-09-19 17:02:51.8936981] SKIPPING COMPONENT! StaticMeshComponent 'RVCampParkingSpot6' has no mesh.
[2026-09-19 17:02:51.8939001] SKIPPING COMPONENT! StaticMeshComponent 'RVCampParkingSpot6' has no mesh.
[2026-09-19 17:02:51.8940682] SKIPPING COMPONENT! StaticMeshComponent 'RVCampParkingSpot7' has no mesh.
[2026-09-19 17:02:51.8942702] SKIPPING COMPONENT! StaticMeshComponent 'RVCampParkingSpot7' has no mesh.
[2026-09-19 17:02:51.8944544] SKIPPING COMPONENT! StaticMeshComponent 'RVCampParkingSpot8' has no mesh.
[2026-09-19 17:02:51.8946007] SKIPPING COMPONENT! StaticMeshComponent 'RVCampParkingSpot8' has no mesh.
[2026-09-19 17:02:51.8948671] SKIPPING COMPONENT! StaticMeshComponent 'RVCampParkingSpot_3' has no mesh.
[2026-09-19 17:02:51.8975625] SKIPPING COMPONENT! StaticMeshComponent 'RVCampParkingSpot_3' has no mesh.
[2026-09-19 17:02:51.8978791] SKIPPING COMPONENT! StaticMeshComponent 'RvCampParkingSpot_BP_1' has no mesh.
[2026-09-19 17:02:51.8981117] SKIPPING COMPONENT! StaticMeshComponent 'RvCampParkingSpot_BP_1' has no mesh.
[2026-09-19 17:02:51.8983325] SKIPPING COMPONENT! StaticMeshComponent 'RvCampParkingSpot_BP_2' has no mesh.
[2026-09-19 17:02:51.8985002] SKIPPING COMPONENT! StaticMeshComponent 'RvCampParkingSpot_BP_2' has no mesh.
[2026-09-19 17:02:51.8988323] SKIPPING COMPONENT! StaticMeshComponent 'RvCampParkingSpot_BP_3' has no mesh.
[2026-09-19 17:02:51.8990324] SKIPPING COMPONENT! StaticMeshComponent 'RvCampParkingSpot_BP_3' has no mesh.
[2026-09-19 17:02:51.8992783] SKIPPING COMPONENT! StaticMeshComponent 'RvCampParkingSpot_BP_4' has no mesh.
[2026-09-19 17:02:51.8996443] SKIPPING COMPONENT! StaticMeshComponent 'RvCampParkingSpot_BP_4' has no mesh.
[2026-09-19 17:02:51.9000702] SKIPPING COMPONENT! StaticMeshComponent 'RvCampParkingSpot_BP_5' has no mesh.
[2026-09-19 17:02:51.9003008] SKIPPING COMPONENT! StaticMeshComponent 'RvCampParkingSpot_BP_5' has no mesh.
[2026-09-19 17:02:51.9007226] SKIPPING COMPONENT! StaticMeshComponent 'RvCampParkingSpot_BP_6' has no mesh.
[2026-09-19 17:02:51.9010289] SKIPPING COMPONENT! StaticMeshComponent 'RvCampParkingSpot_BP_6' has no mesh.
[2026-09-19 17:02:51.9012973] SKIPPING COMPONENT! StaticMeshComponent 'RvCampParkingSpot_BP_7' has no mesh.
[2026-09-19 17:02:51.9015255] SKIPPING COMPONENT! StaticMeshComponent 'RvCampParkingSpot_BP_7' has no mesh.
[2026-09-19 17:02:51.9018704] SKIPPING COMPONENT! StaticMeshComponent 'RvCampParkingSpot_BP_8' has no mesh.
[2026-09-19 17:02:51.9021058] SKIPPING COMPONENT! StaticMeshComponent 'RvCampParkingSpot_BP_8' has no mesh.
[2026-09-19 17:02:51.9023316] SKIPPING COMPONENT! StaticMeshComponent 'BP_ConcertBuilding_2' has no mesh.
[2026-09-19 17:02:51.9027729] SKIPPING COMPONENT! StaticMeshComponent 'BP_ConcertBuilding_2' has no mesh.
[2026-09-19 17:02:51.9033877] SKIPPING COMPONENT! StaticMeshComponent 'BP_GuestServiceActor_RvLeveling_Spot4' has no mesh.
[2026-09-19 17:02:51.9038784] SKIPPING COMPONENT! StaticMeshComponent 'BP_GuestServiceActor_BenchPress' has no mesh.
[2026-09-19 17:02:51.9042918] SKIPPING COMPONENT! StaticMeshComponent 'BP_GuestServiceActor_Laundry' has no mesh.
[2026-09-19 17:02:51.9046356] SKIPPING COMPONENT! StaticMeshComponent 'BP_GuestServiceActor_RvLeveling_Spot5' has no mesh.
[2026-09-19 17:02:51.9050840] SKIPPING COMPONENT! StaticMeshComponent 'BP_GuestServiceActor_BBQ' has no mesh.
[2026-09-19 17:02:51.9053743] SKIPPING COMPONENT! StaticMeshComponent 'BP_GuestServiceActor_RvLeveling_Spot3' has no mesh.
[2026-09-19 17:02:51.9068969] SKIPPING COMPONENT! StaticMeshComponent 'SeanResetButton_BP_2' has no mesh.
[2026-09-19 17:02:51.9093564] SKIPPING COMPONENT! StaticMeshComponent 'Sunbed_BP_2' has no mesh.
[2026-09-19 17:02:51.9367574] SKIPPING COMPONENT! StaticMeshComponent 'BP_Broken_WingLeft_C_2147477010' has no mesh.
[2026-09-19 17:02:51.9372195] SKIPPING COMPONENT! StaticMeshComponent 'BP_Broken_StabilizerRight_C_2147477014' has no mesh.
[2026-09-19 17:02:51.9378310] SKIPPING COMPONENT! StaticMeshComponent 'BP_Broken_StabilizerRight_C_2147477014' has no mesh.
[2026-09-19 17:02:51.9380766] SKIPPING COMPONENT! StaticMeshComponent 'BP_Broken_StabilizerRight_C_2147477014' has no mesh.
[2026-09-19 17:02:51.9385005] SKIPPING COMPONENT! StaticMeshComponent 'BP_Broken_StabilizerLeft_C_2147477018' has no mesh.
[2026-09-19 17:02:51.9388722] SKIPPING COMPONENT! StaticMeshComponent 'BP_Broken_StabilizerLeft_C_2147477018' has no mesh.
[2026-09-19 17:02:51.9391119] SKIPPING COMPONENT! StaticMeshComponent 'BP_Broken_StabilizerLeft_C_2147477018' has no mesh.
[2026-09-19 17:02:51.9661436] SKIPPING COMPONENT! StaticMeshComponent 'DennisPuppet_BP_2' has no mesh.
[2026-09-19 17:02:51.9755924] SKIPPING COMPONENT! StaticMeshComponent 'Grinder_BP_PressureWasher_C_CAT_0' has no mesh.
[2026-09-19 17:02:51.9762975] SKIPPING COMPONENT! StaticMeshComponent 'Grinder_BP_PressureWasher_C_CAT_5' has no mesh.
[2026-09-19 17:02:51.9781176] SKIPPING COMPONENT! StaticMeshComponent 'BP_MinigameInWorld_BBQ_3' has no mesh.
[2026-09-19 17:02:51.9783702] SKIPPING COMPONENT! StaticMeshComponent 'BP_MinigameInWorld_BBQ_3' has no mesh.
[2026-09-19 17:02:51.9786342] SKIPPING COMPONENT! StaticMeshComponent 'BP_BenchPressInWorld_9' has no mesh.
[2026-09-19 17:02:51.9909578] SKIPPING COMPONENT! StaticMeshComponent 'LODActor_0' has no mesh.
[2026-09-19 17:02:52.0438064] Finished dumping CSV of all loaded actor types, positions and mesh properties
[2026-09-19 17:02:58.4086899] Mappings Generator by OutTheShade
Attempting to dump mappings...
Port of https://github.com/OutTheShade/UnrealMappingsDumper Commit SHA 4da8c66
[2026-09-19 17:02:58.4090520] Including Blueprint-generated types in mappings
[2026-09-19 17:02:58.5378540] Mappings Generation Completed Successfully!
[2026-09-19 17:02:58.5382123] Output file: GSS2-4.27.2-0+++UE4+Release-4.27-2bfa839f.usmap
[2026-09-19 17:03:01.6386950] [JMapGenerator] Dumping reflection data to .jmap (format by trumank, https://github.com/trumank/jmap)
[2026-09-19 17:03:01.6389736] [JMapGenerator] Including Blueprint-generated types
[2026-09-19 17:03:03.3873834] [JMapGenerator] Dumped 45130 objects, analyzing children and vtables...
[2026-09-19 17:03:09.0616033] [JMapGenerator] Dump complete: 45130 objects, 2622 vtables, 0 warnings
[2026-09-19 17:03:09.0621071] [JMapGenerator] Output file: D:\Games\Gas Station Simulator\GSS2\Binaries\Win64\ue4ss\GSS2-4.27.2-0+++UE4+Release-4.27-2bfa839f.jmap
